order_id,date,time,datetime,product_name,category,quantity,unit_price,unit_cost,discount_pct,discount_amount,gross_revenue,revenue,cost,profit,profit_margin,channel,payment_method,status,customer_email,customer_name,customer_type,city,state,region,year,month,month_name,month_short,week,day_of_week,day_name,day_short,day_of_month,quarter,quarter_label,is_weekend,is_weekday,year_month,year_quarter,year_week,hour,time_of_day,season
ORD-12861,2023-01-02,15:47:53,2023-01-02 15:47:53,Data Science Bundle,Digital,2,299.99,5.0,15,90.0,599.98,509.98,10.0,499.98,98.04,Website,Debit Card,Pending,brian18@example.org,Deborah Holloway,Returning,San Diego,CA,West,2023,1,January,Jan,1,0,Monday,Mon,2,1,Q1,False,True,2023-01,2023Q1,2023-W01,15,Afternoon,Winter
ORD-14861,2023-01-06,20:27:11,2023-01-06 20:27:11,Screen Protector,Accessories,2,19.99,4.0,0,0.0,39.98,39.98,8.0,31.98,79.99,Amazon,PayPal,Pending,julie07@example.net,Ashley Rice,New,Houston,TX,South,2023,1,January,Jan,1,4,Friday,Fri,6,1,Q1,False,True,2023-01,2023Q1,2023-W01,20,Evening,Winter
ORD-10618,2023-01-07,13:40:19,2023-01-07 13:40:19,Excel Masterclass,Digital,1,99.99,5.0,0,0.0,99.99,99.99,5.0,94.99,95.0,Social Media,Debit Card,Pending,prattheather@example.org,Jacqueline Moreno,New,Houston,TX,South,2023,1,January,Jan,1,5,Saturday,Sat,7,1,Q1,True,False,2023-01,2023Q1,2023-W01,13,Afternoon,Winter
ORD-13784,2023-01-07,21:31:38,2023-01-07 21:31:38,Wireless Headphones,Electronics,1,299.99,120.0,0,0.0,299.99,299.99,120.0,179.99,60.0,Amazon,Debit Card,Pending,frankirwin@example.org,Kenneth Miller,New,San Diego,CA,West,2023,1,January,Jan,1,5,Saturday,Sat,7,1,Q1,True,False,2023-01,2023Q1,2023-W01,21,Night,Winter
ORD-12366,2023-01-10,05:37:51,2023-01-10 05:37:51,Excel Masterclass,Digital,1,99.99,5.0,5,5.0,99.99,94.99,5.0,89.99,94.74,Amazon,Bank Transfer,Pending,jilloliver@example.com,Matthew Ray,Returning,San Diego,CA,West,2023,1,January,Jan,2,1,Tuesday,Tue,10,1,Q1,False,True,2023-01,2023Q1,2023-W02,5,Morning,Winter
ORD-12720,2023-01-13,15:58:30,2023-01-13 15:58:30,Mechanical Keyboard,Office,1,159.99,65.0,15,24.0,159.99,135.99,65.0,70.99,52.2,Website,Debit Card,Pending,jmendoza@example.org,Matthew Gardner,New,San Diego,CA,West,2023,1,January,Jan,2,4,Friday,Fri,13,1,Q1,False,True,2023-01,2023Q1,2023-W02,15,Afternoon,Winter
ORD-11435,2023-02-05,19:18:52,2023-02-05 19:18:52,Laptop Pro X1,Electronics,3,1299.99,800.0,20,779.99,3899.97,3119.98,2400.0,719.98,23.08,Social Media,Bank Transfer,Pending,wandajohnson@example.com,Jimmy Mcdonald,New,Minneapolis,MN,Midwest,2023,2,February,Feb,5,6,Sunday,Sun,5,1,Q1,True,False,2023-02,2023Q1,2023-W06,19,Evening,Winter
ORD-11302,2023-02-11,14:46:28,2023-02-11 14:46:28,Ergonomic Mouse,Office,1,69.99,22.0,0,0.0,69.99,69.99,22.0,47.99,68.57,Mobile App,Debit Card,Pending,katiewolfe@example.net,Justin Trevino,Returning,Houston,TX,South,2023,2,February,Feb,6,5,Saturday,Sat,11,1,Q1,True,False,2023-02,2023Q1,2023-W06,14,Afternoon,Winter
ORD-11241,2023-02-19,06:53:44,2023-02-19 06:53:44,Screen Protector,Accessories,1,19.99,4.0,0,0.0,19.99,19.99,4.0,15.99,79.99,Website,PayPal,Pending,lmorris@example.com,Chris Williams,Returning,Atlanta,GA,South,2023,2,February,Feb,7,6,Sunday,Sun,19,1,Q1,True,False,2023-02,2023Q1,2023-W08,6,Morning,Winter
ORD-14352,2023-02-20,13:45:30,2023-02-20 13:45:30,Screen Protector,Accessories,1,19.99,4.0,20,4.0,19.99,15.99,4.0,11.99,74.99,Website,Debit Card,Pending,kendra89@example.com,Carrie Mcdonald,New,Chicago,IL,Midwest,2023,2,February,Feb,8,0,Monday,Mon,20,1,Q1,False,True,2023-02,2023Q1,2023-W08,13,Afternoon,Winter
ORD-11869,2023-02-21,08:05:21,2023-02-21 08:05:21,Screen Protector,Accessories,1,19.99,4.0,0,0.0,19.99,19.99,4.0,15.99,79.99,Email Campaign,PayPal,Pending,kelseylopez@example.net,Christopher Le,New,Boston,MA,Northeast,2023,2,February,Feb,8,1,Tuesday,Tue,21,1,Q1,False,True,2023-02,2023Q1,2023-W08,8,Morning,Winter
ORD-10275,2023-02-23,12:14:01,2023-02-23 12:14:01,Python Course,Digital,1,199.99,5.0,25,50.0,199.99,149.99,5.0,144.99,96.67,Email Campaign,Credit Card,Pending,gloriaprice@example.net,Alexandra Chan,Returning,Dallas,TX,South,2023,2,February,Feb,8,3,Thursday,Thu,23,1,Q1,False,True,2023-02,2023Q1,2023-W08,12,Afternoon,Winter
ORD-13450,2023-03-04,18:11:15,2023-03-04 18:11:15,Bluetooth Speaker,Electronics,2,129.99,45.0,0,0.0,259.98,259.98,90.0,169.98,65.38,Social Media,Credit Card,Pending,singletonsarah@example.com,Mark Lee,New,Denver,CO,West,2023,3,March,Mar,9,5,Saturday,Sat,4,1,Q1,True,False,2023-03,2023Q1,2023-W09,18,Evening,Spring
ORD-10655,2023-03-07,18:21:27,2023-03-07 18:21:27,Bluetooth Speaker,Electronics,2,129.99,45.0,0,0.0,259.98,259.98,90.0,169.98,65.38,Amazon,Credit Card,Pending,martinlaurie@example.org,Jeffrey Mccullough,New,Houston,TX,South,2023,3,March,Mar,10,1,Tuesday,Tue,7,1,Q1,False,True,2023-03,2023Q1,2023-W10,18,Evening,Spring
ORD-10389,2023-03-10,18:32:33,2023-03-10 18:32:33,Screen Protector,Accessories,2,19.99,4.0,10,4.0,39.98,35.98,8.0,27.98,77.77,Website,PayPal,Pending,benjamin38@example.net,Lisa May,Returning,Philadelphia,PA,Northeast,2023,3,March,Mar,10,4,Friday,Fri,10,1,Q1,False,True,2023-03,2023Q1,2023-W10,18,Evening,Spring
ORD-12358,2023-03-14,16:11:15,2023-03-14 16:11:15,Monitor Stand,Office,1,89.99,28.0,0,0.0,89.99,89.99,28.0,61.99,68.89,Mobile App,Debit Card,Pending,suzannegardner@example.org,Robert Campbell,New,Seattle,WA,West,2023,3,March,Mar,11,1,Tuesday,Tue,14,1,Q1,False,True,2023-03,2023Q1,2023-W11,16,Afternoon,Spring
ORD-10138,2023-03-17,11:02:50,2023-03-17 11:02:50,Laptop Bag Leather,Accessories,3,89.99,30.0,0,0.0,269.97,269.97,90.0,179.97,66.66,Mobile App,PayPal,Pending,michael25@example.net,Ana Dennis,New,Phoenix,AZ,West,2023,3,March,Mar,11,4,Friday,Fri,17,1,Q1,False,True,2023-03,2023Q1,2023-W11,11,Morning,Spring
ORD-10808,2023-03-28,16:10:43,2023-03-28 16:10:43,Screen Protector,Accessories,1,19.99,4.0,0,0.0,19.99,19.99,4.0,15.99,79.99,Mobile App,Apple Pay,Pending,scott43@example.org,James Chambers,New,Chicago,IL,Midwest,2023,3,March,Mar,13,1,Tuesday,Tue,28,1,Q1,False,True,2023-03,2023Q1,2023-W13,16,Afternoon,Spring
ORD-14928,2023-03-30,10:23:44,2023-03-30 10:23:44,Monitor Stand,Office,2,89.99,28.0,0,0.0,179.98,179.98,56.0,123.98,68.89,Social Media,Debit Card,Pending,nicole56@example.org,Jessica Pacheco,Returning,San Diego,CA,West,2023,3,March,Mar,13,3,Thursday,Thu,30,1,Q1,False,True,2023-03,2023Q1,2023-W13,10,Morning,Spring
ORD-14535,2023-04-12,20:58:08,2023-04-12 20:58:08,Python Course,Digital,1,199.99,5.0,0,0.0,199.99,199.99,5.0,194.99,97.5,Mobile App,Credit Card,Pending,amyhenderson@example.net,Michael Walker PhD,Returning,Chicago,IL,Midwest,2023,4,April,Apr,15,2,Wednesday,Wed,12,2,Q2,False,True,2023-04,2023Q2,2023-W15,20,Evening,Spring
ORD-10928,2023-04-13,11:22:56,2023-04-13 11:22:56,Data Science Bundle,Digital,2,299.99,5.0,5,30.0,599.98,569.98,10.0,559.98,98.25,Amazon,Debit Card,Pending,betty32@example.com,Fred Stanton,New,Atlanta,GA,South,2023,4,April,Apr,15,3,Thursday,Thu,13,2,Q2,False,True,2023-04,2023Q2,2023-W15,11,Morning,Spring
ORD-11625,2023-04-14,07:07:21,2023-04-14 07:07:21,Laptop Bag Leather,Accessories,3,89.99,30.0,20,53.99,269.97,215.98,90.0,125.98,58.33,Amazon,Bank Transfer,Pending,hmcclain@example.net,Norma Johnson,New,Minneapolis,MN,Midwest,2023,4,April,Apr,15,4,Friday,Fri,14,2,Q2,False,True,2023-04,2023Q2,2023-W15,7,Morning,Spring
ORD-13572,2023-04-17,06:52:40,2023-04-17 06:52:40,Phone Case Premium,Accessories,2,34.99,8.0,0,0.0,69.98,69.98,16.0,53.98,77.14,Social Media,Debit Card,Pending,omyers@example.com,Todd Perry,Returning,San Antonio,TX,South,2023,4,April,Apr,16,0,Monday,Mon,17,2,Q2,False,True,2023-04,2023Q2,2023-W16,6,Morning,Spring
ORD-10443,2023-04-21,12:02:20,2023-04-21 12:02:20,USB-C Hub 7-in-1,Accessories,1,79.99,25.0,10,8.0,79.99,71.99,25.0,46.99,65.27,Email Campaign,Bank Transfer,Pending,mhall@example.org,Janice Davidson,Returning,Chicago,IL,Midwest,2023,4,April,Apr,16,4,Friday,Fri,21,2,Q2,False,True,2023-04,2023Q2,2023-W16,12,Afternoon,Spring
ORD-10255,2023-04-23,12:47:42,2023-04-23 12:47:42,Phone Case Premium,Accessories,1,34.99,8.0,10,3.5,34.99,31.49,8.0,23.49,74.6,Mobile App,PayPal,Pending,chad40@example.org,Christian Bowen,Returning,Boston,MA,Northeast,2023,4,April,Apr,16,6,Sunday,Sun,23,2,Q2,True,False,2023-04,2023Q2,2023-W17,12,Afternoon,Spring
ORD-12403,2023-04-24,23:34:04,2023-04-24 23:34:04,Python Course,Digital,3,199.99,5.0,0,0.0,599.97,599.97,15.0,584.97,97.5,Website,Debit Card,Pending,melissathomas@example.org,John Clark,New,Chicago,IL,Midwest,2023,4,April,Apr,17,0,Monday,Mon,24,2,Q2,False,True,2023-04,2023Q2,2023-W17,23,Night,Spring
ORD-14636,2023-04-30,10:47:00,2023-04-30 10:47:00,Smart Watch Series 5,Electronics,1,449.99,180.0,5,22.5,449.99,427.49,180.0,247.49,57.89,Mobile App,Debit Card,Pending,jsimmons@example.net,Kevin Wilson,Returning,Houston,TX,South,2023,4,April,Apr,17,6,Sunday,Sun,30,2,Q2,True,False,2023-04,2023Q2,2023-W18,10,Morning,Spring
ORD-13619,2023-05-02,21:48:48,2023-05-02 21:48:48,Data Science Bundle,Digital,1,299.99,5.0,15,45.0,299.99,254.99,5.0,249.99,98.04,Email Campaign,Bank Transfer,Pending,jonburnett@example.net,David Smith,Returning,Los Angeles,CA,West,2023,5,May,May,18,1,Tuesday,Tue,2,2,Q2,False,True,2023-05,2023Q2,2023-W18,21,Night,Spring
ORD-13347,2023-05-04,17:48:55,2023-05-04 17:48:55,Laptop Pro X1,Electronics,4,1299.99,800.0,5,260.0,5199.96,4939.96,3200.0,1739.96,35.22,Social Media,Debit Card,Pending,nicole09@example.net,William Sanchez,New,Dallas,TX,South,2023,5,May,May,18,3,Thursday,Thu,4,2,Q2,False,True,2023-05,2023Q2,2023-W18,17,Evening,Spring
ORD-14378,2023-05-07,03:45:23,2023-05-07 03:45:23,Monitor Stand,Office,1,89.99,28.0,5,4.5,89.99,85.49,28.0,57.49,67.25,Mobile App,PayPal,Pending,elizabeth09@example.com,Mary Smith DDS,New,Phoenix,AZ,West,2023,5,May,May,18,6,Sunday,Sun,7,2,Q2,True,False,2023-05,2023Q2,2023-W19,3,Night,Spring
ORD-11254,2023-05-10,21:56:17,2023-05-10 21:56:17,Data Science Bundle,Digital,2,299.99,5.0,0,0.0,599.98,599.98,10.0,589.98,98.33,Website,Apple Pay,Pending,courtneybradley@example.org,Stacy Anderson,Returning,Phoenix,AZ,West,2023,5,May,May,19,2,Wednesday,Wed,10,2,Q2,False,True,2023-05,2023Q2,2023-W19,21,Night,Spring
ORD-11578,2023-05-18,16:24:15,2023-05-18 16:24:15,Wireless Headphones,Electronics,1,299.99,120.0,10,30.0,299.99,269.99,120.0,149.99,55.55,Email Campaign,PayPal,Pending,ajenkins@example.net,Tracy Young,Returning,Houston,TX,South,2023,5,May,May,20,3,Thursday,Thu,18,2,Q2,False,True,2023-05,2023Q2,2023-W20,16,Afternoon,Spring
ORD-11214,2023-06-04,01:00:47,2023-06-04 01:00:47,Excel Masterclass,Digital,3,99.99,5.0,5,15.0,299.97,284.97,15.0,269.97,94.74,Email Campaign,PayPal,Pending,harristodd@example.net,Douglas Chandler,New,Chicago,IL,Midwest,2023,6,June,Jun,22,6,Sunday,Sun,4,2,Q2,True,False,2023-06,2023Q2,2023-W23,1,Night,Summer
ORD-14719,2023-06-19,18:49:36,2023-06-19 18:49:36,Ergonomic Mouse,Office,3,69.99,22.0,10,21.0,209.97,188.97,66.0,122.97,65.07,Website,Credit Card,Pending,ricky61@example.com,Donald Elliott,Returning,San Antonio,TX,South,2023,6,June,Jun,25,0,Monday,Mon,19,2,Q2,False,True,2023-06,2023Q2,2023-W25,18,Evening,Summer
ORD-12994,2023-06-21,18:38:49,2023-06-21 18:38:49,Laptop Bag Leather,Accessories,1,89.99,30.0,10,9.0,89.99,80.99,30.0,50.99,62.96,Mobile App,Apple Pay,Pending,umorgan@example.com,Kim Odom,New,San Diego,CA,West,2023,6,June,Jun,25,2,Wednesday,Wed,21,2,Q2,False,True,2023-06,2023Q2,2023-W25,18,Evening,Summer
ORD-10537,2023-06-30,16:50:19,2023-06-30 16:50:19,SQL for Beginners,Digital,1,79.99,5.0,5,4.0,79.99,75.99,5.0,70.99,93.42,Amazon,Bank Transfer,Pending,seanjames@example.org,Laura Salazar,Returning,Houston,TX,South,2023,6,June,Jun,26,4,Friday,Fri,30,2,Q2,False,True,2023-06,2023Q2,2023-W26,16,Afternoon,Summer
ORD-10799,2023-07-02,12:21:49,2023-07-02 12:21:49,Python Course,Digital,1,199.99,5.0,10,20.0,199.99,179.99,5.0,174.99,97.22,Website,Credit Card,Pending,christian12@example.com,Kathleen Williams,Returning,Phoenix,AZ,West,2023,7,July,Jul,26,6,Sunday,Sun,2,3,Q3,True,False,2023-07,2023Q3,2023-W27,12,Afternoon,Summer
ORD-10621,2023-07-02,22:12:16,2023-07-02 22:12:16,Phone Case Premium,Accessories,1,34.99,8.0,5,1.75,34.99,33.24,8.0,25.24,75.93,Website,Bank Transfer,Pending,kristin35@example.com,Jacqueline Norman,Returning,Seattle,WA,West,2023,7,July,Jul,26,6,Sunday,Sun,2,3,Q3,True,False,2023-07,2023Q3,2023-W27,22,Night,Summer
ORD-14631,2023-07-06,18:38:39,2023-07-06 18:38:39,Smart Watch Series 5,Electronics,2,449.99,180.0,0,0.0,899.98,899.98,360.0,539.98,60.0,Email Campaign,Debit Card,Pending,john34@example.org,Melissa Medina,Returning,San Antonio,TX,South,2023,7,July,Jul,27,3,Thursday,Thu,6,3,Q3,False,True,2023-07,2023Q3,2023-W27,18,Evening,Summer
ORD-13936,2023-07-07,15:18:13,2023-07-07 15:18:13,Screen Protector,Accessories,2,19.99,4.0,15,6.0,39.98,33.98,8.0,25.98,76.46,Website,PayPal,Pending,rebecca11@example.org,Rebecca Rivas,Returning,Miami,FL,South,2023,7,July,Jul,27,4,Friday,Fri,7,3,Q3,False,True,2023-07,2023Q3,2023-W27,15,Afternoon,Summer
ORD-14707,2023-07-12,11:02:08,2023-07-12 11:02:08,Laptop Bag Leather,Accessories,2,89.99,30.0,0,0.0,179.98,179.98,60.0,119.98,66.66,Mobile App,Bank Transfer,Pending,bryce55@example.net,Faith Rogers,Returning,Minneapolis,MN,Midwest,2023,7,July,Jul,28,2,Wednesday,Wed,12,3,Q3,False,True,2023-07,2023Q3,2023-W28,11,Morning,Summer
ORD-12749,2023-07-12,14:09:14,2023-07-12 14:09:14,Ergonomic Mouse,Office,3,69.99,22.0,5,10.5,209.97,199.47,66.0,133.47,66.91,Amazon,Credit Card,Pending,mckenziephillips@example.com,Duane Young,Returning,San Diego,CA,West,2023,7,July,Jul,28,2,Wednesday,Wed,12,3,Q3,False,True,2023-07,2023Q3,2023-W28,14,Afternoon,Summer
ORD-10786,2023-07-16,12:30:11,2023-07-16 12:30:11,Wireless Headphones,Electronics,1,299.99,120.0,5,15.0,299.99,284.99,120.0,164.99,57.89,Amazon,Apple Pay,Pending,jonesjoshua@example.com,Anne Jones,New,Philadelphia,PA,Northeast,2023,7,July,Jul,28,6,Sunday,Sun,16,3,Q3,True,False,2023-07,2023Q3,2023-W29,12,Afternoon,Summer
ORD-14005,2023-07-24,08:06:44,2023-07-24 08:06:44,Desk Organizer,Office,1,49.99,15.0,0,0.0,49.99,49.99,15.0,34.99,69.99,Social Media,Apple Pay,Pending,leekara@example.com,Pamela Bryan,New,Dallas,TX,South,2023,7,July,Jul,30,0,Monday,Mon,24,3,Q3,False,True,2023-07,2023Q3,2023-W30,8,Morning,Summer
ORD-14413,2023-07-24,18:35:33,2023-07-24 18:35:33,SQL for Beginners,Digital,2,79.99,5.0,5,8.0,159.98,151.98,10.0,141.98,93.42,Amazon,Bank Transfer,Pending,justin62@example.com,Daniel Stone,New,Boston,MA,Northeast,2023,7,July,Jul,30,0,Monday,Mon,24,3,Q3,False,True,2023-07,2023Q3,2023-W30,18,Evening,Summer
ORD-13261,2023-08-01,15:56:50,2023-08-01 15:56:50,USB-C Hub 7-in-1,Accessories,3,79.99,25.0,0,0.0,239.97,239.97,75.0,164.97,68.75,Amazon,Debit Card,Pending,danielbuchanan@example.com,Brett Flores,Returning,Phoenix,AZ,West,2023,8,August,Aug,31,1,Tuesday,Tue,1,3,Q3,False,True,2023-08,2023Q3,2023-W31,15,Afternoon,Summer
ORD-11215,2023-08-05,16:03:45,2023-08-05 16:03:45,USB-C Hub 7-in-1,Accessories,1,79.99,25.0,10,8.0,79.99,71.99,25.0,46.99,65.27,Website,Debit Card,Pending,maybrittany@example.org,Paul Adams,Returning,Los Angeles,CA,West,2023,8,August,Aug,31,5,Saturday,Sat,5,3,Q3,True,False,2023-08,2023Q3,2023-W31,16,Afternoon,Summer
ORD-12748,2023-08-09,17:55:37,2023-08-09 17:55:37,Wireless Headphones,Electronics,1,299.99,120.0,0,0.0,299.99,299.99,120.0,179.99,60.0,Amazon,Debit Card,Pending,lopezerin@example.com,Christopher Page,Returning,Houston,TX,South,2023,8,August,Aug,32,2,Wednesday,Wed,9,3,Q3,False,True,2023-08,2023Q3,2023-W32,17,Evening,Summer
ORD-10418,2023-08-15,16:39:28,2023-08-15 16:39:28,Python Course,Digital,2,199.99,5.0,0,0.0,399.98,399.98,10.0,389.98,97.5,Website,Credit Card,Pending,brianmayer@example.net,Erin Roberts,Returning,Philadelphia,PA,Northeast,2023,8,August,Aug,33,1,Tuesday,Tue,15,3,Q3,False,True,2023-08,2023Q3,2023-W33,16,Afternoon,Summer
ORD-13809,2023-08-31,08:42:53,2023-08-31 08:42:53,Monitor Stand,Office,1,89.99,28.0,0,0.0,89.99,89.99,28.0,61.99,68.89,Mobile App,Credit Card,Pending,mcfarlanddawn@example.net,Helen Lawrence,Returning,Houston,TX,South,2023,8,August,Aug,35,3,Thursday,Thu,31,3,Q3,False,True,2023-08,2023Q3,2023-W35,8,Morning,Summer
ORD-14645,2023-09-13,19:25:31,2023-09-13 19:25:31,Mechanical Keyboard,Office,1,159.99,65.0,5,8.0,159.99,151.99,65.0,86.99,57.23,Amazon,PayPal,Pending,ftaylor@example.org,Jerry Baldwin,New,New York,NY,Northeast,2023,9,September,Sep,37,2,Wednesday,Wed,13,3,Q3,False,True,2023-09,2023Q3,2023-W37,19,Evening,Fall
ORD-12778,2023-09-25,14:10:32,2023-09-25 14:10:32,Laptop Pro X1,Electronics,4,1299.99,800.0,0,0.0,5199.96,5199.96,3200.0,1999.96,38.46,Email Campaign,Credit Card,Pending,jenningsclaire@example.com,Mckenzie Turner,New,Minneapolis,MN,Midwest,2023,9,September,Sep,39,0,Monday,Mon,25,3,Q3,False,True,2023-09,2023Q3,2023-W39,14,Afternoon,Fall
ORD-10814,2023-10-01,13:47:21,2023-10-01 13:47:21,Wireless Headphones,Electronics,1,299.99,120.0,0,0.0,299.99,299.99,120.0,179.99,60.0,Website,Apple Pay,Pending,austinfritz@example.com,Brian Cohen,New,San Diego,CA,West,2023,10,October,Oct,39,6,Sunday,Sun,1,4,Q4,True,False,2023-10,2023Q4,2023-W40,13,Afternoon,Fall
ORD-12302,2023-10-20,20:08:58,2023-10-20 20:08:58,Ergonomic Mouse,Office,1,69.99,22.0,10,7.0,69.99,62.99,22.0,40.99,65.07,Website,Debit Card,Pending,gardnerwhitney@example.org,Christine Harrison,New,Los Angeles,CA,West,2023,10,October,Oct,42,4,Friday,Fri,20,4,Q4,False,True,2023-10,2023Q4,2023-W42,20,Evening,Fall
ORD-14912,2023-10-24,19:26:22,2023-10-24 19:26:22,Screen Protector,Accessories,1,19.99,4.0,15,3.0,19.99,16.99,4.0,12.99,76.46,Amazon,Bank Transfer,Pending,elizabeth32@example.com,Stacey Jones,New,San Diego,CA,West,2023,10,October,Oct,43,1,Tuesday,Tue,24,4,Q4,False,True,2023-10,2023Q4,2023-W43,19,Evening,Fall
ORD-11575,2023-10-26,19:54:56,2023-10-26 19:54:56,Smart Watch Series 5,Electronics,1,449.99,180.0,20,90.0,449.99,359.99,180.0,179.99,50.0,Website,Bank Transfer,Pending,patricia05@example.net,Tanner Rodriguez,New,Chicago,IL,Midwest,2023,10,October,Oct,43,3,Thursday,Thu,26,4,Q4,False,True,2023-10,2023Q4,2023-W43,19,Evening,Fall
ORD-12620,2023-10-27,11:28:17,2023-10-27 11:28:17,Smart Watch Series 5,Electronics,1,449.99,180.0,0,0.0,449.99,449.99,180.0,269.99,60.0,Mobile App,Debit Card,Pending,rodriguezterri@example.com,Hailey Marshall,New,Houston,TX,South,2023,10,October,Oct,43,4,Friday,Fri,27,4,Q4,False,True,2023-10,2023Q4,2023-W43,11,Morning,Fall
ORD-13812,2023-11-10,11:13:29,2023-11-10 11:13:29,SQL for Beginners,Digital,2,79.99,5.0,25,39.99,159.98,119.98,10.0,109.98,91.67,Mobile App,PayPal,Pending,josephroberts@example.com,Jose Chandler,Returning,Boston,MA,Northeast,2023,11,November,Nov,45,4,Friday,Fri,10,4,Q4,False,True,2023-11,2023Q4,2023-W45,11,Morning,Fall
ORD-14089,2023-11-12,15:06:08,2023-11-12 15:06:08,USB-C Hub 7-in-1,Accessories,1,79.99,25.0,5,4.0,79.99,75.99,25.0,50.99,67.1,Website,Credit Card,Pending,amendoza@example.com,Michele Francis,New,Denver,CO,West,2023,11,November,Nov,45,6,Sunday,Sun,12,4,Q4,True,False,2023-11,2023Q4,2023-W46,15,Afternoon,Fall
ORD-12567,2023-11-19,16:39:59,2023-11-19 16:39:59,Screen Protector,Accessories,5,19.99,4.0,0,0.0,99.95,99.95,20.0,79.95,79.99,Mobile App,Apple Pay,Pending,carlsonamber@example.com,Monica Martin,Returning,Boston,MA,Northeast,2023,11,November,Nov,46,6,Sunday,Sun,19,4,Q4,True,False,2023-11,2023Q4,2023-W47,16,Afternoon,Fall
ORD-11920,2023-11-24,16:50:28,2023-11-24 16:50:28,Ergonomic Mouse,Office,4,69.99,22.0,20,55.99,279.96,223.97,88.0,135.97,60.71,Website,Apple Pay,Pending,xhudson@example.com,Cameron Green,New,New York,NY,Northeast,2023,11,November,Nov,47,4,Friday,Fri,24,4,Q4,False,True,2023-11,2023Q4,2023-W47,16,Afternoon,Fall
ORD-13179,2023-11-25,18:36:51,2023-11-25 18:36:51,Ergonomic Mouse,Office,1,69.99,22.0,0,0.0,69.99,69.99,22.0,47.99,68.57,Amazon,Credit Card,Pending,hwilliamson@example.net,Chad Payne,New,Chicago,IL,Midwest,2023,11,November,Nov,47,5,Saturday,Sat,25,4,Q4,True,False,2023-11,2023Q4,2023-W47,18,Evening,Fall
ORD-11567,2023-11-25,19:07:11,2023-11-25 19:07:11,USB-C Hub 7-in-1,Accessories,1,79.99,25.0,20,16.0,79.99,63.99,25.0,38.99,60.93,Mobile App,Apple Pay,Pending,edwin25@example.com,Michael Foster,New,Atlanta,GA,South,2023,11,November,Nov,47,5,Saturday,Sat,25,4,Q4,True,False,2023-11,2023Q4,2023-W47,19,Evening,Fall
ORD-10774,2023-11-25,21:20:57,2023-11-25 21:20:57,Desk Organizer,Office,2,49.99,15.0,0,0.0,99.98,99.98,30.0,69.98,69.99,Amazon,Debit Card,Pending,pmiles@example.org,Jordan Garcia,New,Phoenix,AZ,West,2023,11,November,Nov,47,5,Saturday,Sat,25,4,Q4,True,False,2023-11,2023Q4,2023-W47,21,Night,Fall
ORD-10891,2023-11-26,09:00:57,2023-11-26 09:00:57,Phone Case Premium,Accessories,2,34.99,8.0,5,3.5,69.98,66.48,16.0,50.48,75.93,Mobile App,Bank Transfer,Pending,jasonmedina@example.net,Jason Campbell,Returning,Miami,FL,South,2023,11,November,Nov,47,6,Sunday,Sun,26,4,Q4,True,False,2023-11,2023Q4,2023-W48,9,Morning,Fall
ORD-12081,2023-12-12,17:16:17,2023-12-12 17:16:17,USB-C Hub 7-in-1,Accessories,2,79.99,25.0,15,24.0,159.98,135.98,50.0,85.98,63.23,Mobile App,Bank Transfer,Pending,carolstevens@example.net,Evan Peterson,New,New York,NY,Northeast,2023,12,December,Dec,50,1,Tuesday,Tue,12,4,Q4,False,True,2023-12,2023Q4,2023-W50,17,Evening,Winter
ORD-10294,2023-12-21,21:10:13,2023-12-21 21:10:13,Laptop Bag Leather,Accessories,1,89.99,30.0,0,0.0,89.99,89.99,30.0,59.99,66.66,Amazon,Bank Transfer,Pending,barbara47@example.net,Madison Valdez,New,Denver,CO,West,2023,12,December,Dec,51,3,Thursday,Thu,21,4,Q4,False,True,2023-12,2023Q4,2023-W51,21,Night,Winter
ORD-10090,2023-12-26,10:50:34,2023-12-26 10:50:34,SQL for Beginners,Digital,1,79.99,5.0,20,16.0,79.99,63.99,5.0,58.99,92.19,Website,PayPal,Pending,osimmons@example.net,Mary House,Returning,Miami,FL,South,2023,12,December,Dec,52,1,Tuesday,Tue,26,4,Q4,False,True,2023-12,2023Q4,2023-W52,10,Morning,Winter
ORD-10512,2023-12-26,11:44:15,2023-12-26 11:44:15,Monitor Stand,Office,1,89.99,28.0,5,4.5,89.99,85.49,28.0,57.49,67.25,Mobile App,Debit Card,Pending,gregory19@example.com,Gregory Armstrong,Returning,New York,NY,Northeast,2023,12,December,Dec,52,1,Tuesday,Tue,26,4,Q4,False,True,2023-12,2023Q4,2023-W52,11,Morning,Winter
ORD-10632,2024-01-05,19:47:32,2024-01-05 19:47:32,Python Course,Digital,1,199.99,5.0,10,20.0,199.99,179.99,5.0,174.99,97.22,Mobile App,Bank Transfer,Pending,robin05@example.org,William Grant,New,Houston,TX,South,2024,1,January,Jan,1,4,Friday,Fri,5,1,Q1,False,True,2024-01,2024Q1,2024-W00,19,Evening,Winter
ORD-13763,2024-01-06,19:08:21,2024-01-06 19:08:21,Mechanical Keyboard,Office,2,159.99,65.0,15,48.0,319.98,271.98,130.0,141.98,52.2,Website,Apple Pay,Pending,emosley@example.org,Christina Thompson,New,New York,NY,Northeast,2024,1,January,Jan,1,5,Saturday,Sat,6,1,Q1,True,False,2024-01,2024Q1,2024-W00,19,Evening,Winter
ORD-13064,2024-01-12,18:18:36,2024-01-12 18:18:36,Monitor Stand,Office,3,89.99,28.0,15,40.5,269.97,229.47,84.0,145.47,63.39,Website,PayPal,Pending,garciajoseph@example.org,Darren Wilson,New,Houston,TX,South,2024,1,January,Jan,2,4,Friday,Fri,12,1,Q1,False,True,2024-01,2024Q1,2024-W01,18,Evening,Winter
ORD-11152,2024-01-17,18:12:16,2024-01-17 18:12:16,Monitor Stand,Office,1,89.99,28.0,15,13.5,89.99,76.49,28.0,48.49,63.39,Website,Credit Card,Pending,michelle09@example.com,Douglas Little,Returning,Minneapolis,MN,Midwest,2024,1,January,Jan,3,2,Wednesday,Wed,17,1,Q1,False,True,2024-01,2024Q1,2024-W02,18,Evening,Winter
ORD-10925,2024-01-26,05:33:44,2024-01-26 05:33:44,Excel Masterclass,Digital,2,99.99,5.0,0,0.0,199.98,199.98,10.0,189.98,95.0,Amazon,PayPal,Pending,tarajohnson@example.com,Stacey Walsh,New,Atlanta,GA,South,2024,1,January,Jan,4,4,Friday,Fri,26,1,Q1,False,True,2024-01,2024Q1,2024-W03,5,Morning,Winter
ORD-14672,2024-01-26,20:15:04,2024-01-26 20:15:04,Bluetooth Speaker,Electronics,1,129.99,45.0,5,6.5,129.99,123.49,45.0,78.49,63.56,Amazon,PayPal,Pending,chill@example.net,Jim Watkins,Returning,Dallas,TX,South,2024,1,January,Jan,4,4,Friday,Fri,26,1,Q1,False,True,2024-01,2024Q1,2024-W03,20,Evening,Winter
ORD-14867,2024-02-03,13:38:31,2024-02-03 13:38:31,Laptop Pro X1,Electronics,1,1299.99,800.0,0,0.0,1299.99,1299.99,800.0,499.99,38.46,Social Media,Apple Pay,Pending,matthew65@example.net,Dennis White,Returning,Denver,CO,West,2024,2,February,Feb,5,5,Saturday,Sat,3,1,Q1,True,False,2024-02,2024Q1,2024-W04,13,Afternoon,Winter
ORD-11811,2024-02-04,08:25:01,2024-02-04 08:25:01,Bluetooth Speaker,Electronics,1,129.99,45.0,0,0.0,129.99,129.99,45.0,84.99,65.38,Mobile App,Bank Transfer,Pending,stephen38@example.com,William Elliott,Returning,Seattle,WA,West,2024,2,February,Feb,5,6,Sunday,Sun,4,1,Q1,True,False,2024-02,2024Q1,2024-W05,8,Morning,Winter
ORD-11685,2024-02-14,13:06:00,2024-02-14 13:06:00,Monitor Stand,Office,1,89.99,28.0,0,0.0,89.99,89.99,28.0,61.99,68.89,Email Campaign,Debit Card,Pending,garzaashley@example.net,Ryan Ortiz,New,Philadelphia,PA,Northeast,2024,2,February,Feb,7,2,Wednesday,Wed,14,1,Q1,False,True,2024-02,2024Q1,2024-W06,13,Afternoon,Winter
ORD-10608,2024-02-18,09:08:01,2024-02-18 09:08:01,Python Course,Digital,2,199.99,5.0,0,0.0,399.98,399.98,10.0,389.98,97.5,Mobile App,Credit Card,Pending,kaylaterry@example.com,Chase Jordan,Returning,Dallas,TX,South,2024,2,February,Feb,7,6,Sunday,Sun,18,1,Q1,True,False,2024-02,2024Q1,2024-W07,9,Morning,Winter
ORD-10593,2024-02-18,11:31:31,2024-02-18 11:31:31,Python Course,Digital,1,199.99,5.0,15,30.0,199.99,169.99,5.0,164.99,97.06,Website,Apple Pay,Pending,zcaldwell@example.org,Melissa Flores,New,Dallas,TX,South,2024,2,February,Feb,7,6,Sunday,Sun,18,1,Q1,True,False,2024-02,2024Q1,2024-W07,11,Morning,Winter
ORD-14215,2024-03-01,08:00:54,2024-03-01 08:00:54,Ergonomic Mouse,Office,1,69.99,22.0,0,0.0,69.99,69.99,22.0,47.99,68.57,Amazon,PayPal,Pending,susan64@example.org,Jared Wood,Returning,Houston,TX,South,2024,3,March,Mar,9,4,Friday,Fri,1,1,Q1,False,True,2024-03,2024Q1,2024-W08,8,Morning,Spring
ORD-12648,2024-03-08,15:31:47,2024-03-08 15:31:47,SQL for Beginners,Digital,3,79.99,5.0,0,0.0,239.97,239.97,15.0,224.97,93.75,Mobile App,Bank Transfer,Pending,cameronthompson@example.org,Steven Bell,New,Philadelphia,PA,Northeast,2024,3,March,Mar,10,4,Friday,Fri,8,1,Q1,False,True,2024-03,2024Q1,2024-W09,15,Afternoon,Spring
ORD-14677,2024-03-09,17:38:54,2024-03-09 17:38:54,Ergonomic Mouse,Office,1,69.99,22.0,0,0.0,69.99,69.99,22.0,47.99,68.57,Website,Debit Card,Pending,sevans@example.net,Christian Castillo,New,Philadelphia,PA,Northeast,2024,3,March,Mar,10,5,Saturday,Sat,9,1,Q1,True,False,2024-03,2024Q1,2024-W09,17,Evening,Spring
ORD-14993,2024-03-15,17:12:08,2024-03-15 17:12:08,Phone Case Premium,Accessories,1,34.99,8.0,10,3.5,34.99,31.49,8.0,23.49,74.6,Website,Bank Transfer,Pending,zjohnston@example.net,Vincent Chapman,New,San Antonio,TX,South,2024,3,March,Mar,11,4,Friday,Fri,15,1,Q1,False,True,2024-03,2024Q1,2024-W10,17,Evening,Spring
ORD-11253,2024-03-17,06:43:24,2024-03-17 06:43:24,Laptop Pro X1,Electronics,1,1299.99,800.0,0,0.0,1299.99,1299.99,800.0,499.99,38.46,Mobile App,Credit Card,Pending,carmenwilliams@example.net,Jeffrey Burch,New,San Diego,CA,West,2024,3,March,Mar,11,6,Sunday,Sun,17,1,Q1,True,False,2024-03,2024Q1,2024-W11,6,Morning,Spring
ORD-10196,2024-03-20,14:55:58,2024-03-20 14:55:58,Excel Masterclass,Digital,1,99.99,5.0,20,20.0,99.99,79.99,5.0,74.99,93.75,Website,Apple Pay,Pending,leonjennifer@example.net,Jessica Roberts,New,Houston,TX,South,2024,3,March,Mar,12,2,Wednesday,Wed,20,1,Q1,False,True,2024-03,2024Q1,2024-W11,14,Afternoon,Spring
ORD-14551,2024-03-25,16:31:32,2024-03-25 16:31:32,Wireless Headphones,Electronics,1,299.99,120.0,10,30.0,299.99,269.99,120.0,149.99,55.55,Social Media,PayPal,Pending,gregorymiddleton@example.org,James Mckee,New,Phoenix,AZ,West,2024,3,March,Mar,13,0,Monday,Mon,25,1,Q1,False,True,2024-03,2024Q1,2024-W12,16,Afternoon,Spring
ORD-11381,2024-03-28,18:13:23,2024-03-28 18:13:23,Bluetooth Speaker,Electronics,1,129.99,45.0,0,0.0,129.99,129.99,45.0,84.99,65.38,Amazon,Apple Pay,Pending,vgregory@example.org,Mary Grimes,New,Seattle,WA,West,2024,3,March,Mar,13,3,Thursday,Thu,28,1,Q1,False,True,2024-03,2024Q1,2024-W12,18,Evening,Spring
ORD-13820,2024-04-01,16:58:09,2024-04-01 16:58:09,Monitor Stand,Office,1,89.99,28.0,15,13.5,89.99,76.49,28.0,48.49,63.39,Amazon,Debit Card,Pending,padillaalex@example.net,Daniel Carter,New,Miami,FL,South,2024,4,April,Apr,14,0,Monday,Mon,1,2,Q2,False,True,2024-04,2024Q2,2024-W13,16,Afternoon,Spring
ORD-12725,2024-04-01,22:50:28,2024-04-01 22:50:28,Mechanical Keyboard,Office,2,159.99,65.0,0,0.0,319.98,319.98,130.0,189.98,59.37,Mobile App,Credit Card,Pending,mezajared@example.net,Kayla Williams,New,Los Angeles,CA,West,2024,4,April,Apr,14,0,Monday,Mon,1,2,Q2,False,True,2024-04,2024Q2,2024-W13,22,Night,Spring
ORD-11143,2024-04-05,15:05:46,2024-04-05 15:05:46,SQL for Beginners,Digital,1,79.99,5.0,15,12.0,79.99,67.99,5.0,62.99,92.65,Mobile App,Credit Card,Pending,amberhenry@example.com,William Flowers,New,San Diego,CA,West,2024,4,April,Apr,14,4,Friday,Fri,5,2,Q2,False,True,2024-04,2024Q2,2024-W13,15,Afternoon,Spring
ORD-10348,2024-04-06,20:45:45,2024-04-06 20:45:45,SQL for Beginners,Digital,2,79.99,5.0,5,8.0,159.98,151.98,10.0,141.98,93.42,Website,Debit Card,Pending,sara21@example.org,Richard Hernandez,Returning,Seattle,WA,West,2024,4,April,Apr,14,5,Saturday,Sat,6,2,Q2,True,False,2024-04,2024Q2,2024-W13,20,Evening,Spring
ORD-13364,2024-04-13,21:03:45,2024-04-13 21:03:45,Bluetooth Speaker,Electronics,1,129.99,45.0,0,0.0,129.99,129.99,45.0,84.99,65.38,Email Campaign,Bank Transfer,Pending,sandramiller@example.com,Ricky Miller,New,San Antonio,TX,South,2024,4,April,Apr,15,5,Saturday,Sat,13,2,Q2,True,False,2024-04,2024Q2,2024-W14,21,Night,Spring
ORD-10200,2024-04-16,13:53:15,2024-04-16 13:53:15,Monitor Stand,Office,1,89.99,28.0,20,18.0,89.99,71.99,28.0,43.99,61.11,Amazon,Apple Pay,Pending,jose38@example.com,Barbara Montgomery,Returning,Philadelphia,PA,Northeast,2024,4,April,Apr,16,1,Tuesday,Tue,16,2,Q2,False,True,2024-04,2024Q2,2024-W15,13,Afternoon,Spring
ORD-12602,2024-04-17,16:15:16,2024-04-17 16:15:16,USB-C Hub 7-in-1,Accessories,1,79.99,25.0,15,12.0,79.99,67.99,25.0,42.99,63.23,Mobile App,Bank Transfer,Pending,christopher68@example.com,Kristina Olson,New,Los Angeles,CA,West,2024,4,April,Apr,16,2,Wednesday,Wed,17,2,Q2,False,True,2024-04,2024Q2,2024-W15,16,Afternoon,Spring
ORD-10293,2024-04-27,14:05:25,2024-04-27 14:05:25,Wireless Headphones,Electronics,1,299.99,120.0,20,60.0,299.99,239.99,120.0,119.99,50.0,Website,Apple Pay,Pending,riceanthony@example.net,Katelyn Flores,New,Atlanta,GA,South,2024,4,April,Apr,17,5,Saturday,Sat,27,2,Q2,True,False,2024-04,2024Q2,2024-W16,14,Afternoon,Spring
ORD-12683,2024-05-02,22:43:43,2024-05-02 22:43:43,Python Course,Digital,1,199.99,5.0,0,0.0,199.99,199.99,5.0,194.99,97.5,Mobile App,PayPal,Pending,kimberlyhawkins@example.net,Ronald Olson,Returning,New York,NY,Northeast,2024,5,May,May,18,3,Thursday,Thu,2,2,Q2,False,True,2024-05,2024Q2,2024-W17,22,Night,Spring
ORD-10496,2024-05-14,15:30:24,2024-05-14 15:30:24,Smart Watch Series 5,Electronics,1,449.99,180.0,15,67.5,449.99,382.49,180.0,202.49,52.94,Mobile App,PayPal,Pending,michaelcross@example.net,Joan Brown,New,Seattle,WA,West,2024,5,May,May,20,1,Tuesday,Tue,14,2,Q2,False,True,2024-05,2024Q2,2024-W19,15,Afternoon,Spring
ORD-12008,2024-05-18,16:00:28,2024-05-18 16:00:28,Ergonomic Mouse,Office,1,69.99,22.0,20,14.0,69.99,55.99,22.0,33.99,60.71,Website,PayPal,Pending,simmonsjames@example.org,Charles Campbell,New,San Antonio,TX,South,2024,5,May,May,20,5,Saturday,Sat,18,2,Q2,True,False,2024-05,2024Q2,2024-W19,16,Afternoon,Spring
ORD-14088,2024-05-19,13:15:21,2024-05-19 13:15:21,Smart Watch Series 5,Electronics,2,449.99,180.0,10,90.0,899.98,809.98,360.0,449.98,55.55,Website,Credit Card,Pending,crystal03@example.org,Miranda Hawkins,New,Los Angeles,CA,West,2024,5,May,May,20,6,Sunday,Sun,19,2,Q2,True,False,2024-05,2024Q2,2024-W20,13,Afternoon,Spring
ORD-14471,2024-05-24,12:21:46,2024-05-24 12:21:46,Screen Protector,Accessories,1,19.99,4.0,0,0.0,19.99,19.99,4.0,15.99,79.99,Amazon,Bank Transfer,Pending,nicholas21@example.com,Jeremiah Johnson,New,Dallas,TX,South,2024,5,May,May,21,4,Friday,Fri,24,2,Q2,False,True,2024-05,2024Q2,2024-W20,12,Afternoon,Spring
ORD-10085,2024-06-06,17:57:51,2024-06-06 17:57:51,Mechanical Keyboard,Office,3,159.99,65.0,10,48.0,479.97,431.97,195.0,236.97,54.86,Website,Apple Pay,Pending,tiffany97@example.org,Christine Wilkinson,Returning,Chicago,IL,Midwest,2024,6,June,Jun,23,3,Thursday,Thu,6,2,Q2,False,True,2024-06,2024Q2,2024-W22,17,Evening,Summer
ORD-12705,2024-06-12,20:48:18,2024-06-12 20:48:18,Smart Watch Series 5,Electronics,1,449.99,180.0,0,0.0,449.99,449.99,180.0,269.99,60.0,Amazon,Bank Transfer,Pending,jennifer75@example.com,Lauren Prince,New,Minneapolis,MN,Midwest,2024,6,June,Jun,24,2,Wednesday,Wed,12,2,Q2,False,True,2024-06,2024Q2,2024-W23,20,Evening,Summer
ORD-14682,2024-06-19,17:18:12,2024-06-19 17:18:12,Desk Organizer,Office,1,49.99,15.0,5,2.5,49.99,47.49,15.0,32.49,68.41,Mobile App,PayPal,Pending,jacobrodriguez@example.org,Christopher Sanchez MD,New,Atlanta,GA,South,2024,6,June,Jun,25,2,Wednesday,Wed,19,2,Q2,False,True,2024-06,2024Q2,2024-W24,17,Evening,Summer
ORD-12872,2024-06-20,14:30:27,2024-06-20 14:30:27,Desk Organizer,Office,3,49.99,15.0,10,15.0,149.97,134.97,45.0,89.97,66.66,Website,Bank Transfer,Pending,bridget86@example.org,Christopher Sanders,Returning,Dallas,TX,South,2024,6,June,Jun,25,3,Thursday,Thu,20,2,Q2,False,True,2024-06,2024Q2,2024-W24,14,Afternoon,Summer
ORD-11977,2024-06-21,09:37:18,2024-06-21 09:37:18,Phone Case Premium,Accessories,1,34.99,8.0,10,3.5,34.99,31.49,8.0,23.49,74.6,Website,Credit Card,Pending,stephanie17@example.org,William Rivera,New,Seattle,WA,West,2024,6,June,Jun,25,4,Friday,Fri,21,2,Q2,False,True,2024-06,2024Q2,2024-W24,9,Morning,Summer
ORD-13284,2024-06-25,15:49:35,2024-06-25 15:49:35,Smart Watch Series 5,Electronics,1,449.99,180.0,15,67.5,449.99,382.49,180.0,202.49,52.94,Social Media,PayPal,Pending,robinwilliams@example.com,Nicholas Lawrence,New,Boston,MA,Northeast,2024,6,June,Jun,26,1,Tuesday,Tue,25,2,Q2,False,True,2024-06,2024Q2,2024-W25,15,Afternoon,Summer
ORD-10766,2024-06-28,18:00:42,2024-06-28 18:00:42,Wireless Headphones,Electronics,1,299.99,120.0,5,15.0,299.99,284.99,120.0,164.99,57.89,Amazon,Apple Pay,Pending,mrojas@example.com,Jamie Jenkins,Returning,New York,NY,Northeast,2024,6,June,Jun,26,4,Friday,Fri,28,2,Q2,False,True,2024-06,2024Q2,2024-W25,18,Evening,Summer
ORD-12032,2024-06-28,19:39:34,2024-06-28 19:39:34,Bluetooth Speaker,Electronics,1,129.99,45.0,0,0.0,129.99,129.99,45.0,84.99,65.38,Website,Debit Card,Pending,hrobinson@example.net,Norma Ramirez,New,New York,NY,Northeast,2024,6,June,Jun,26,4,Friday,Fri,28,2,Q2,False,True,2024-06,2024Q2,2024-W25,19,Evening,Summer
ORD-10157,2024-07-01,14:09:06,2024-07-01 14:09:06,Wireless Headphones,Electronics,1,299.99,120.0,0,0.0,299.99,299.99,120.0,179.99,60.0,Social Media,PayPal,Pending,zklein@example.net,Benjamin Turner,New,Seattle,WA,West,2024,7,July,Jul,27,0,Monday,Mon,1,3,Q3,False,True,2024-07,2024Q3,2024-W26,14,Afternoon,Summer
ORD-14804,2024-07-04,12:07:21,2024-07-04 12:07:21,Python Course,Digital,1,199.99,5.0,0,0.0,199.99,199.99,5.0,194.99,97.5,Email Campaign,Apple Pay,Pending,whitejames@example.org,Randy Smith,New,Philadelphia,PA,Northeast,2024,7,July,Jul,27,3,Thursday,Thu,4,3,Q3,False,True,2024-07,2024Q3,2024-W26,12,Afternoon,Summer
ORD-12157,2024-07-14,15:06:18,2024-07-14 15:06:18,Wireless Headphones,Electronics,2,299.99,120.0,5,30.0,599.98,569.98,240.0,329.98,57.89,Social Media,Apple Pay,Pending,katrina56@example.net,Karen Scott,Returning,Boston,MA,Northeast,2024,7,July,Jul,28,6,Sunday,Sun,14,3,Q3,True,False,2024-07,2024Q3,2024-W28,15,Afternoon,Summer
ORD-13594,2024-07-16,20:33:09,2024-07-16 20:33:09,USB-C Hub 7-in-1,Accessories,1,79.99,25.0,15,12.0,79.99,67.99,25.0,42.99,63.23,Website,Credit Card,Pending,mbennett@example.com,Denise Butler,New,Denver,CO,West,2024,7,July,Jul,29,1,Tuesday,Tue,16,3,Q3,False,True,2024-07,2024Q3,2024-W28,20,Evening,Summer
ORD-10050,2024-07-23,18:53:26,2024-07-23 18:53:26,Python Course,Digital,2,199.99,5.0,0,0.0,399.98,399.98,10.0,389.98,97.5,Website,Credit Card,Pending,karen07@example.com,Kristin Beck,New,Boston,MA,Northeast,2024,7,July,Jul,30,1,Tuesday,Tue,23,3,Q3,False,True,2024-07,2024Q3,2024-W29,18,Evening,Summer
ORD-12259,2024-07-27,10:09:31,2024-07-27 10:09:31,Bluetooth Speaker,Electronics,1,129.99,45.0,10,13.0,129.99,116.99,45.0,71.99,61.54,Website,Apple Pay,Pending,ryanbrittany@example.com,Brandon Duncan,Returning,Boston,MA,Northeast,2024,7,July,Jul,30,5,Saturday,Sat,27,3,Q3,True,False,2024-07,2024Q3,2024-W29,10,Morning,Summer
ORD-12103,2024-07-27,11:19:23,2024-07-27 11:19:23,Laptop Bag Leather,Accessories,1,89.99,30.0,0,0.0,89.99,89.99,30.0,59.99,66.66,Amazon,Credit Card,Pending,rodriguezfrederick@example.com,Kaylee Yang,Returning,Los Angeles,CA,West,2024,7,July,Jul,30,5,Saturday,Sat,27,3,Q3,True,False,2024-07,2024Q3,2024-W29,11,Morning,Summer
ORD-11144,2024-07-27,19:46:17,2024-07-27 19:46:17,Python Course,Digital,2,199.99,5.0,0,0.0,399.98,399.98,10.0,389.98,97.5,Website,Credit Card,Pending,joneskenneth@example.org,Crystal Adams,New,Denver,CO,West,2024,7,July,Jul,30,5,Saturday,Sat,27,3,Q3,True,False,2024-07,2024Q3,2024-W29,19,Evening,Summer
ORD-12756,2024-07-29,13:38:55,2024-07-29 13:38:55,Desk Organizer,Office,1,49.99,15.0,5,2.5,49.99,47.49,15.0,32.49,68.41,Website,Apple Pay,Pending,karen61@example.com,Alejandro Young,New,Miami,FL,South,2024,7,July,Jul,31,0,Monday,Mon,29,3,Q3,False,True,2024-07,2024Q3,2024-W30,13,Afternoon,Summer
ORD-11846,2024-08-07,18:51:34,2024-08-07 18:51:34,Ergonomic Mouse,Office,1,69.99,22.0,5,3.5,69.99,66.49,22.0,44.49,66.91,Amazon,Debit Card,Pending,tina46@example.org,Aaron Edwards,New,Atlanta,GA,South,2024,8,August,Aug,32,2,Wednesday,Wed,7,3,Q3,False,True,2024-08,2024Q3,2024-W31,18,Evening,Summer
ORD-12618,2024-08-31,06:50:00,2024-08-31 06:50:00,Phone Case Premium,Accessories,2,34.99,8.0,0,0.0,69.98,69.98,16.0,53.98,77.14,Mobile App,Debit Card,Pending,hurstjason@example.com,Brenda Rogers,New,Seattle,WA,West,2024,8,August,Aug,35,5,Saturday,Sat,31,3,Q3,True,False,2024-08,2024Q3,2024-W34,6,Morning,Summer
ORD-13904,2024-09-02,15:23:30,2024-09-02 15:23:30,Bluetooth Speaker,Electronics,1,129.99,45.0,20,26.0,129.99,103.99,45.0,58.99,56.73,Social Media,PayPal,Pending,melissa26@example.org,Christopher Jones DDS,New,New York,NY,Northeast,2024,9,September,Sep,36,0,Monday,Mon,2,3,Q3,False,True,2024-09,2024Q3,2024-W35,15,Afternoon,Fall
ORD-14785,2024-09-06,11:45:52,2024-09-06 11:45:52,Excel Masterclass,Digital,1,99.99,5.0,15,15.0,99.99,84.99,5.0,79.99,94.12,Website,Debit Card,Pending,figueroamelissa@example.net,Jessica Tate,Returning,San Diego,CA,West,2024,9,September,Sep,36,4,Friday,Fri,6,3,Q3,False,True,2024-09,2024Q3,2024-W35,11,Morning,Fall
ORD-14758,2024-09-07,14:26:49,2024-09-07 14:26:49,Laptop Bag Leather,Accessories,1,89.99,30.0,10,9.0,89.99,80.99,30.0,50.99,62.96,Website,Bank Transfer,Pending,lauriejoseph@example.net,Christopher Holloway,New,Los Angeles,CA,West,2024,9,September,Sep,36,5,Saturday,Sat,7,3,Q3,True,False,2024-09,2024Q3,2024-W35,14,Afternoon,Fall
ORD-10454,2024-09-11,10:32:17,2024-09-11 10:32:17,Wireless Headphones,Electronics,2,299.99,120.0,15,90.0,599.98,509.98,240.0,269.98,52.94,Email Campaign,PayPal,Pending,hopkinsroy@example.net,Robert Ware,New,Minneapolis,MN,Midwest,2024,9,September,Sep,37,2,Wednesday,Wed,11,3,Q3,False,True,2024-09,2024Q3,2024-W36,10,Morning,Fall
ORD-10459,2024-09-13,14:59:52,2024-09-13 14:59:52,Python Course,Digital,1,199.99,5.0,0,0.0,199.99,199.99,5.0,194.99,97.5,Amazon,Bank Transfer,Pending,xcole@example.com,Anthony Odom,Returning,Chicago,IL,Midwest,2024,9,September,Sep,37,4,Friday,Fri,13,3,Q3,False,True,2024-09,2024Q3,2024-W36,14,Afternoon,Fall
ORD-13060,2024-09-18,16:13:15,2024-09-18 16:13:15,Bluetooth Speaker,Electronics,3,129.99,45.0,25,97.49,389.97,292.48,135.0,157.48,53.84,Website,Apple Pay,Pending,duartecrystal@example.com,Chelsea Rodriguez,New,Dallas,TX,South,2024,9,September,Sep,38,2,Wednesday,Wed,18,3,Q3,False,True,2024-09,2024Q3,2024-W37,16,Afternoon,Fall
ORD-12138,2024-09-20,10:36:06,2024-09-20 10:36:06,Laptop Bag Leather,Accessories,1,89.99,30.0,0,0.0,89.99,89.99,30.0,59.99,66.66,Website,Debit Card,Pending,kara91@example.net,Natalie French,New,Chicago,IL,Midwest,2024,9,September,Sep,38,4,Friday,Fri,20,3,Q3,False,True,2024-09,2024Q3,2024-W37,10,Morning,Fall
ORD-11305,2024-09-30,09:04:14,2024-09-30 09:04:14,Smart Watch Series 5,Electronics,2,449.99,180.0,5,45.0,899.98,854.98,360.0,494.98,57.89,Email Campaign,Debit Card,Pending,roblestammy@example.com,Amanda Nelson,New,Atlanta,GA,South,2024,9,September,Sep,40,0,Monday,Mon,30,3,Q3,False,True,2024-09,2024Q3,2024-W39,9,Morning,Fall
ORD-12010,2024-10-08,19:06:00,2024-10-08 19:06:00,Wireless Headphones,Electronics,1,299.99,120.0,0,0.0,299.99,299.99,120.0,179.99,60.0,Website,Debit Card,Pending,harrisonbreanna@example.com,Stephanie Perkins,Returning,Denver,CO,West,2024,10,October,Oct,41,1,Tuesday,Tue,8,4,Q4,False,True,2024-10,2024Q4,2024-W40,19,Evening,Fall
ORD-14458,2024-10-28,19:16:40,2024-10-28 19:16:40,Wireless Headphones,Electronics,1,299.99,120.0,0,0.0,299.99,299.99,120.0,179.99,60.0,Website,Debit Card,Pending,nancy87@example.net,Chelsea Holder,New,Philadelphia,PA,Northeast,2024,10,October,Oct,44,0,Monday,Mon,28,4,Q4,False,True,2024-10,2024Q4,2024-W43,19,Evening,Fall
ORD-11335,2024-10-30,10:29:09,2024-10-30 10:29:09,USB-C Hub 7-in-1,Accessories,1,79.99,25.0,0,0.0,79.99,79.99,25.0,54.99,68.75,Website,Credit Card,Pending,ramirezkaren@example.org,Timothy Hunter,Returning,Minneapolis,MN,Midwest,2024,10,October,Oct,44,2,Wednesday,Wed,30,4,Q4,False,True,2024-10,2024Q4,2024-W43,10,Morning,Fall
ORD-14222,2024-10-30,18:50:34,2024-10-30 18:50:34,Excel Masterclass,Digital,1,99.99,5.0,10,10.0,99.99,89.99,5.0,84.99,94.44,Website,Apple Pay,Pending,zpope@example.com,Bobby Mitchell,New,Seattle,WA,West,2024,10,October,Oct,44,2,Wednesday,Wed,30,4,Q4,False,True,2024-10,2024Q4,2024-W43,18,Evening,Fall
ORD-13222,2024-11-02,17:00:05,2024-11-02 17:00:05,Monitor Stand,Office,3,89.99,28.0,0,0.0,269.97,269.97,84.0,185.97,68.89,Website,Debit Card,Pending,brittany05@example.net,Chelsea Bennett,New,San Diego,CA,West,2024,11,November,Nov,44,5,Saturday,Sat,2,4,Q4,True,False,2024-11,2024Q4,2024-W43,17,Evening,Fall
ORD-10060,2024-11-08,12:29:17,2024-11-08 12:29:17,Data Science Bundle,Digital,1,299.99,5.0,0,0.0,299.99,299.99,5.0,294.99,98.33,Amazon,Debit Card,Pending,matalori@example.org,John Gray,Returning,Houston,TX,South,2024,11,November,Nov,45,4,Friday,Fri,8,4,Q4,False,True,2024-11,2024Q4,2024-W44,12,Afternoon,Fall
ORD-10405,2024-11-16,11:23:35,2024-11-16 11:23:35,Python Course,Digital,1,199.99,5.0,0,0.0,199.99,199.99,5.0,194.99,97.5,Website,Bank Transfer,Pending,jenna31@example.net,Cory Stewart,New,Philadelphia,PA,Northeast,2024,11,November,Nov,46,5,Saturday,Sat,16,4,Q4,True,False,2024-11,2024Q4,2024-W45,11,Morning,Fall
ORD-14765,2024-11-16,13:55:10,2024-11-16 13:55:10,Phone Case Premium,Accessories,1,34.99,8.0,0,0.0,34.99,34.99,8.0,26.99,77.14,Mobile App,Debit Card,Pending,shannonweaver@example.com,Christopher Simmons,Returning,Chicago,IL,Midwest,2024,11,November,Nov,46,5,Saturday,Sat,16,4,Q4,True,False,2024-11,2024Q4,2024-W45,13,Afternoon,Fall
ORD-10263,2024-11-17,00:42:24,2024-11-17 00:42:24,Data Science Bundle,Digital,1,299.99,5.0,5,15.0,299.99,284.99,5.0,279.99,98.25,Email Campaign,Debit Card,Pending,iwall@example.org,Gerald Stewart,New,Houston,TX,South,2024,11,November,Nov,46,6,Sunday,Sun,17,4,Q4,True,False,2024-11,2024Q4,2024-W46,0,Night,Fall
ORD-14407,2024-11-27,11:14:39,2024-11-27 11:14:39,Laptop Bag Leather,Accessories,1,89.99,30.0,0,0.0,89.99,89.99,30.0,59.99,66.66,Amazon,PayPal,Pending,jeffreynewman@example.org,Maria Ortega,New,Chicago,IL,Midwest,2024,11,November,Nov,48,2,Wednesday,Wed,27,4,Q4,False,True,2024-11,2024Q4,2024-W47,11,Morning,Fall
ORD-11606,2024-12-01,13:03:29,2024-12-01 13:03:29,Phone Case Premium,Accessories,1,34.99,8.0,0,0.0,34.99,34.99,8.0,26.99,77.14,Mobile App,Bank Transfer,Pending,steven53@example.com,Timothy Garcia,New,Miami,FL,South,2024,12,December,Dec,48,6,Sunday,Sun,1,4,Q4,True,False,2024-12,2024Q4,2024-W48,13,Afternoon,Winter
ORD-10689,2024-12-02,16:48:45,2024-12-02 16:48:45,Mechanical Keyboard,Office,1,159.99,65.0,10,16.0,159.99,143.99,65.0,78.99,54.86,Website,Debit Card,Pending,mherman@example.org,Tina Porter,Returning,Philadelphia,PA,Northeast,2024,12,December,Dec,49,0,Monday,Mon,2,4,Q4,False,True,2024-12,2024Q4,2024-W48,16,Afternoon,Winter
ORD-13708,2024-12-08,16:51:17,2024-12-08 16:51:17,Data Science Bundle,Digital,2,299.99,5.0,5,30.0,599.98,569.98,10.0,559.98,98.25,Mobile App,Credit Card,Pending,hbryant@example.com,Juan Juarez,Returning,Atlanta,GA,South,2024,12,December,Dec,49,6,Sunday,Sun,8,4,Q4,True,False,2024-12,2024Q4,2024-W49,16,Afternoon,Winter
ORD-14339,2024-12-12,23:20:08,2024-12-12 23:20:08,Screen Protector,Accessories,1,19.99,4.0,0,0.0,19.99,19.99,4.0,15.99,79.99,Mobile App,Apple Pay,Pending,omcintosh@example.net,Jessica Foster,Returning,Seattle,WA,West,2024,12,December,Dec,50,3,Thursday,Thu,12,4,Q4,False,True,2024-12,2024Q4,2024-W49,23,Night,Winter
ORD-14207,2024-12-16,21:31:27,2024-12-16 21:31:27,Smart Watch Series 5,Electronics,1,449.99,180.0,25,112.5,449.99,337.49,180.0,157.49,46.67,Mobile App,Debit Card,Pending,hlopez@example.com,David Davidson,New,New York,NY,Northeast,2024,12,December,Dec,51,0,Monday,Mon,16,4,Q4,False,True,2024-12,2024Q4,2024-W50,21,Night,Winter
ORD-14008,2024-12-17,20:53:19,2024-12-17 20:53:19,Ergonomic Mouse,Office,1,69.99,22.0,0,0.0,69.99,69.99,22.0,47.99,68.57,Website,PayPal,Pending,tatejohn@example.com,Michael Frank,New,Denver,CO,West,2024,12,December,Dec,51,1,Tuesday,Tue,17,4,Q4,False,True,2024-12,2024Q4,2024-W50,20,Evening,Winter
ORD-10667,2024-12-26,08:48:41,2024-12-26 08:48:41,Bluetooth Speaker,Electronics,1,129.99,45.0,5,6.5,129.99,123.49,45.0,78.49,63.56,Social Media,Bank Transfer,Pending,michael02@example.org,James Jones,New,New York,NY,Northeast,2024,12,December,Dec,52,3,Thursday,Thu,26,4,Q4,False,True,2024-12,2024Q4,2024-W51,8,Morning,Winter
ORD-13344,2024-12-28,14:19:51,2024-12-28 14:19:51,Data Science Bundle,Digital,2,299.99,5.0,20,120.0,599.98,479.98,10.0,469.98,97.92,Website,Apple Pay,Pending,sking@example.com,Taylor Johnson,New,Dallas,TX,South,2024,12,December,Dec,52,5,Saturday,Sat,28,4,Q4,True,False,2024-12,2024Q4,2024-W51,14,Afternoon,Winter
ORD-11525,2024-12-28,14:45:27,2024-12-28 14:45:27,Python Course,Digital,1,199.99,5.0,0,0.0,199.99,199.99,5.0,194.99,97.5,Social Media,Debit Card,Pending,annajones@example.com,Kathryn Ramirez,Returning,Dallas,TX,South,2024,12,December,Dec,52,5,Saturday,Sat,28,4,Q4,True,False,2024-12,2024Q4,2024-W51,14,Afternoon,Winter
ORD-14048,2024-12-29,14:01:05,2024-12-29 14:01:05,Monitor Stand,Office,1,89.99,28.0,0,0.0,89.99,89.99,28.0,61.99,68.89,Mobile App,Debit Card,Pending,martinmichele@example.org,Shawn Thomas,New,Atlanta,GA,South,2024,12,December,Dec,52,6,Sunday,Sun,29,4,Q4,True,False,2024-12,2024Q4,2024-W52,14,Afternoon,Winter
ORD-14531,2024-12-29,14:37:30,2024-12-29 14:37:30,Smart Watch Series 5,Electronics,1,449.99,180.0,15,67.5,449.99,382.49,180.0,202.49,52.94,Social Media,Apple Pay,Pending,anna85@example.com,Anna Ferguson,New,Los Angeles,CA,West,2024,12,December,Dec,52,6,Sunday,Sun,29,4,Q4,True,False,2024-12,2024Q4,2024-W52,14,Afternoon,Winter
ORD-14618,2025-01-06,13:06:17,2025-01-06 13:06:17,Ergonomic Mouse,Office,3,69.99,22.0,0,0.0,209.97,209.97,66.0,143.97,68.57,Mobile App,Apple Pay,Pending,andrew85@example.org,Anthony Bowman,New,Denver,CO,West,2025,1,January,Jan,2,0,Monday,Mon,6,1,Q1,False,True,2025-01,2025Q1,2025-W01,13,Afternoon,Winter
ORD-10289,2025-01-08,00:05:18,2025-01-08 00:05:18,Monitor Stand,Office,1,89.99,28.0,0,0.0,89.99,89.99,28.0,61.99,68.89,Mobile App,Credit Card,Pending,joseph31@example.net,Frank Robinson,New,Chicago,IL,Midwest,2025,1,January,Jan,2,2,Wednesday,Wed,8,1,Q1,False,True,2025-01,2025Q1,2025-W01,0,Night,Winter
ORD-10566,2025-01-09,13:45:54,2025-01-09 13:45:54,Ergonomic Mouse,Office,1,69.99,22.0,0,0.0,69.99,69.99,22.0,47.99,68.57,Social Media,Credit Card,Pending,ifloyd@example.net,Chad Fritz,Returning,Phoenix,AZ,West,2025,1,January,Jan,2,3,Thursday,Thu,9,1,Q1,False,True,2025-01,2025Q1,2025-W01,13,Afternoon,Winter
ORD-12466,2025-01-15,18:27:53,2025-01-15 18:27:53,SQL for Beginners,Digital,1,79.99,5.0,0,0.0,79.99,79.99,5.0,74.99,93.75,Website,Apple Pay,Pending,thompsonjoel@example.org,Jason Davis,Returning,Miami,FL,South,2025,1,January,Jan,3,2,Wednesday,Wed,15,1,Q1,False,True,2025-01,2025Q1,2025-W02,18,Evening,Winter
ORD-14303,2025-01-17,19:49:26,2025-01-17 19:49:26,Laptop Bag Leather,Accessories,1,89.99,30.0,10,9.0,89.99,80.99,30.0,50.99,62.96,Amazon,Apple Pay,Pending,ian70@example.net,William Daniels,New,Miami,FL,South,2025,1,January,Jan,3,4,Friday,Fri,17,1,Q1,False,True,2025-01,2025Q1,2025-W02,19,Evening,Winter
ORD-10461,2025-02-04,09:24:31,2025-02-04 09:24:31,Monitor Stand,Office,1,89.99,28.0,0,0.0,89.99,89.99,28.0,61.99,68.89,Email Campaign,Apple Pay,Pending,mitchelldouglas@example.org,Samantha Barnett,New,New York,NY,Northeast,2025,2,February,Feb,6,1,Tuesday,Tue,4,1,Q1,False,True,2025-02,2025Q1,2025-W05,9,Morning,Winter
ORD-11198,2025-02-06,17:13:25,2025-02-06 17:13:25,USB-C Hub 7-in-1,Accessories,1,79.99,25.0,5,4.0,79.99,75.99,25.0,50.99,67.1,Social Media,Apple Pay,Pending,cruznicholas@example.com,Lisa Lee,Returning,San Diego,CA,West,2025,2,February,Feb,6,3,Thursday,Thu,6,1,Q1,False,True,2025-02,2025Q1,2025-W05,17,Evening,Winter
ORD-14585,2025-02-08,16:38:14,2025-02-08 16:38:14,USB-C Hub 7-in-1,Accessories,1,79.99,25.0,0,0.0,79.99,79.99,25.0,54.99,68.75,Mobile App,Bank Transfer,Pending,abigailmercado@example.org,Mr. Michael Rosario,New,Dallas,TX,South,2025,2,February,Feb,6,5,Saturday,Sat,8,1,Q1,True,False,2025-02,2025Q1,2025-W05,16,Afternoon,Winter
ORD-11146,2025-02-08,16:55:59,2025-02-08 16:55:59,Desk Organizer,Office,1,49.99,15.0,0,0.0,49.99,49.99,15.0,34.99,69.99,Mobile App,Credit Card,Pending,josephshort@example.net,Jason Eaton,New,Miami,FL,South,2025,2,February,Feb,6,5,Saturday,Sat,8,1,Q1,True,False,2025-02,2025Q1,2025-W05,16,Afternoon,Winter
ORD-11659,2025-02-10,09:12:08,2025-02-10 09:12:08,Phone Case Premium,Accessories,1,34.99,8.0,0,0.0,34.99,34.99,8.0,26.99,77.14,Website,Apple Pay,Pending,veronicarogers@example.net,Benjamin James,Returning,Miami,FL,South,2025,2,February,Feb,7,0,Monday,Mon,10,1,Q1,False,True,2025-02,2025Q1,2025-W06,9,Morning,Winter
ORD-10959,2025-02-11,17:27:44,2025-02-11 17:27:44,Ergonomic Mouse,Office,1,69.99,22.0,0,0.0,69.99,69.99,22.0,47.99,68.57,Mobile App,Debit Card,Pending,aburke@example.com,Brittany Mueller,New,Los Angeles,CA,West,2025,2,February,Feb,7,1,Tuesday,Tue,11,1,Q1,False,True,2025-02,2025Q1,2025-W06,17,Evening,Winter
ORD-13352,2025-02-12,16:29:47,2025-02-12 16:29:47,Python Course,Digital,1,199.99,5.0,10,20.0,199.99,179.99,5.0,174.99,97.22,Amazon,Credit Card,Pending,erik50@example.com,Dr. Casey Thomas,New,Chicago,IL,Midwest,2025,2,February,Feb,7,2,Wednesday,Wed,12,1,Q1,False,True,2025-02,2025Q1,2025-W06,16,Afternoon,Winter
ORD-14212,2025-02-15,11:31:41,2025-02-15 11:31:41,Ergonomic Mouse,Office,1,69.99,22.0,10,7.0,69.99,62.99,22.0,40.99,65.07,Website,Debit Card,Pending,maurice74@example.org,Brandy Park,Returning,Chicago,IL,Midwest,2025,2,February,Feb,7,5,Saturday,Sat,15,1,Q1,True,False,2025-02,2025Q1,2025-W06,11,Morning,Winter
ORD-13422,2025-02-27,12:21:53,2025-02-27 12:21:53,SQL for Beginners,Digital,1,79.99,5.0,0,0.0,79.99,79.99,5.0,74.99,93.75,Website,PayPal,Pending,julie25@example.org,Vickie Diaz,Returning,Los Angeles,CA,West,2025,2,February,Feb,9,3,Thursday,Thu,27,1,Q1,False,True,2025-02,2025Q1,2025-W08,12,Afternoon,Winter
ORD-14075,2025-03-05,10:18:17,2025-03-05 10:18:17,Laptop Bag Leather,Accessories,1,89.99,30.0,10,9.0,89.99,80.99,30.0,50.99,62.96,Website,PayPal,Pending,pjames@example.net,Brittany Henderson,Returning,New York,NY,Northeast,2025,3,March,Mar,10,2,Wednesday,Wed,5,1,Q1,False,True,2025-03,2025Q1,2025-W09,10,Morning,Spring
ORD-13308,2025-03-16,10:41:46,2025-03-16 10:41:46,Data Science Bundle,Digital,1,299.99,5.0,5,15.0,299.99,284.99,5.0,279.99,98.25,Website,Bank Transfer,Pending,rachel11@example.net,Mrs. Melanie Nguyen,Returning,Denver,CO,West,2025,3,March,Mar,11,6,Sunday,Sun,16,1,Q1,True,False,2025-03,2025Q1,2025-W11,10,Morning,Spring
ORD-11100,2025-03-16,18:00:48,2025-03-16 18:00:48,Desk Organizer,Office,1,49.99,15.0,0,0.0,49.99,49.99,15.0,34.99,69.99,Amazon,Credit Card,Pending,nortonrobert@example.com,Deborah Jones,New,Denver,CO,West,2025,3,March,Mar,11,6,Sunday,Sun,16,1,Q1,True,False,2025-03,2025Q1,2025-W11,18,Evening,Spring
ORD-12897,2025-03-17,07:59:24,2025-03-17 07:59:24,Python Course,Digital,2,199.99,5.0,10,40.0,399.98,359.98,10.0,349.98,97.22,Website,Apple Pay,Pending,brandon52@example.net,Heather Fowler,Returning,New York,NY,Northeast,2025,3,March,Mar,12,0,Monday,Mon,17,1,Q1,False,True,2025-03,2025Q1,2025-W11,7,Morning,Spring
ORD-14807,2025-03-19,22:41:43,2025-03-19 22:41:43,Desk Organizer,Office,4,49.99,15.0,15,29.99,199.96,169.97,60.0,109.97,64.7,Website,PayPal,Pending,shirley56@example.net,Johnny Velez,New,Los Angeles,CA,West,2025,3,March,Mar,12,2,Wednesday,Wed,19,1,Q1,False,True,2025-03,2025Q1,2025-W11,22,Night,Spring
ORD-11555,2025-03-31,14:35:09,2025-03-31 14:35:09,Bluetooth Speaker,Electronics,1,129.99,45.0,0,0.0,129.99,129.99,45.0,84.99,65.38,Amazon,PayPal,Pending,teresa51@example.net,Tyler Brown,New,San Antonio,TX,South,2025,3,March,Mar,14,0,Monday,Mon,31,1,Q1,False,True,2025-03,2025Q1,2025-W13,14,Afternoon,Spring
ORD-11127,2025-04-07,11:39:06,2025-04-07 11:39:06,Screen Protector,Accessories,1,19.99,4.0,0,0.0,19.99,19.99,4.0,15.99,79.99,Amazon,Bank Transfer,Pending,steven81@example.net,Kyle Johnson Jr.,Returning,Denver,CO,West,2025,4,April,Apr,15,0,Monday,Mon,7,2,Q2,False,True,2025-04,2025Q2,2025-W14,11,Morning,Spring
ORD-12160,2025-04-07,20:02:47,2025-04-07 20:02:47,Smart Watch Series 5,Electronics,3,449.99,180.0,5,67.5,1349.97,1282.47,540.0,742.47,57.89,Amazon,PayPal,Pending,gailberry@example.net,Teresa Kennedy,Returning,Houston,TX,South,2025,4,April,Apr,15,0,Monday,Mon,7,2,Q2,False,True,2025-04,2025Q2,2025-W14,20,Evening,Spring
ORD-11154,2025-04-08,19:09:45,2025-04-08 19:09:45,Excel Masterclass,Digital,1,99.99,5.0,0,0.0,99.99,99.99,5.0,94.99,95.0,Social Media,PayPal,Pending,jason76@example.org,Cody Orr,Returning,Minneapolis,MN,Midwest,2025,4,April,Apr,15,1,Tuesday,Tue,8,2,Q2,False,True,2025-04,2025Q2,2025-W14,19,Evening,Spring
ORD-14432,2025-04-18,20:30:24,2025-04-18 20:30:24,Smart Watch Series 5,Electronics,1,449.99,180.0,5,22.5,449.99,427.49,180.0,247.49,57.89,Website,Debit Card,Pending,colemanrobyn@example.com,Rachel Nguyen,Returning,Seattle,WA,West,2025,4,April,Apr,16,4,Friday,Fri,18,2,Q2,False,True,2025-04,2025Q2,2025-W15,20,Evening,Spring
ORD-11204,2025-04-19,09:35:40,2025-04-19 09:35:40,Monitor Stand,Office,2,89.99,28.0,0,0.0,179.98,179.98,56.0,123.98,68.89,Amazon,Debit Card,Pending,fieldsjustin@example.com,Keith Mcintosh,New,Miami,FL,South,2025,4,April,Apr,16,5,Saturday,Sat,19,2,Q2,True,False,2025-04,2025Q2,2025-W15,9,Morning,Spring
ORD-11380,2025-04-21,19:13:29,2025-04-21 19:13:29,Ergonomic Mouse,Office,1,69.99,22.0,10,7.0,69.99,62.99,22.0,40.99,65.07,Mobile App,Debit Card,Pending,samantha97@example.org,David Haley,New,Los Angeles,CA,West,2025,4,April,Apr,17,0,Monday,Mon,21,2,Q2,False,True,2025-04,2025Q2,2025-W16,19,Evening,Spring
ORD-13801,2025-04-28,13:58:04,2025-04-28 13:58:04,Ergonomic Mouse,Office,2,69.99,22.0,10,14.0,139.98,125.98,44.0,81.98,65.07,Amazon,Credit Card,Pending,iwaller@example.com,Lori Turner,Returning,Denver,CO,West,2025,4,April,Apr,18,0,Monday,Mon,28,2,Q2,False,True,2025-04,2025Q2,2025-W17,13,Afternoon,Spring
ORD-13866,2025-04-29,12:15:36,2025-04-29 12:15:36,Wireless Headphones,Electronics,1,299.99,120.0,0,0.0,299.99,299.99,120.0,179.99,60.0,Mobile App,PayPal,Pending,christykey@example.net,Kelli Bailey DDS,New,Denver,CO,West,2025,4,April,Apr,18,1,Tuesday,Tue,29,2,Q2,False,True,2025-04,2025Q2,2025-W17,12,Afternoon,Spring
ORD-14899,2025-05-02,16:25:39,2025-05-02 16:25:39,Smart Watch Series 5,Electronics,2,449.99,180.0,10,90.0,899.98,809.98,360.0,449.98,55.55,Website,Apple Pay,Pending,osantiago@example.com,Michael Walker,New,Houston,TX,South,2025,5,May,May,18,4,Friday,Fri,2,2,Q2,False,True,2025-05,2025Q2,2025-W17,16,Afternoon,Spring
ORD-10175,2025-05-05,20:11:59,2025-05-05 20:11:59,Wireless Headphones,Electronics,5,299.99,120.0,0,0.0,1499.95,1499.95,600.0,899.95,60.0,Email Campaign,Credit Card,Pending,danielsdaryl@example.net,Cheryl Garcia MD,Returning,San Diego,CA,West,2025,5,May,May,19,0,Monday,Mon,5,2,Q2,False,True,2025-05,2025Q2,2025-W18,20,Evening,Spring
ORD-14267,2025-05-08,05:26:28,2025-05-08 05:26:28,Screen Protector,Accessories,1,19.99,4.0,0,0.0,19.99,19.99,4.0,15.99,79.99,Email Campaign,Bank Transfer,Pending,ekidd@example.net,Jason Villa,New,New York,NY,Northeast,2025,5,May,May,19,3,Thursday,Thu,8,2,Q2,False,True,2025-05,2025Q2,2025-W18,5,Morning,Spring
ORD-10095,2025-05-08,16:46:09,2025-05-08 16:46:09,Ergonomic Mouse,Office,2,69.99,22.0,15,21.0,139.98,118.98,44.0,74.98,63.02,Website,PayPal,Pending,kriggs@example.com,Diana Sloan,New,Seattle,WA,West,2025,5,May,May,19,3,Thursday,Thu,8,2,Q2,False,True,2025-05,2025Q2,2025-W18,16,Afternoon,Spring
ORD-10613,2025-05-17,14:15:17,2025-05-17 14:15:17,USB-C Hub 7-in-1,Accessories,1,79.99,25.0,10,8.0,79.99,71.99,25.0,46.99,65.27,Amazon,Credit Card,Pending,zpreston@example.net,Veronica Castro,Returning,Miami,FL,South,2025,5,May,May,20,5,Saturday,Sat,17,2,Q2,True,False,2025-05,2025Q2,2025-W19,14,Afternoon,Spring
ORD-10253,2025-05-17,17:05:40,2025-05-17 17:05:40,USB-C Hub 7-in-1,Accessories,1,79.99,25.0,0,0.0,79.99,79.99,25.0,54.99,68.75,Website,PayPal,Pending,brianirwin@example.net,Crystal Davis,New,Dallas,TX,South,2025,5,May,May,20,5,Saturday,Sat,17,2,Q2,True,False,2025-05,2025Q2,2025-W19,17,Evening,Spring
ORD-11055,2025-05-20,11:40:07,2025-05-20 11:40:07,Mechanical Keyboard,Office,1,159.99,65.0,10,16.0,159.99,143.99,65.0,78.99,54.86,Website,Debit Card,Pending,natalie15@example.com,Sharon Savage,Returning,Boston,MA,Northeast,2025,5,May,May,21,1,Tuesday,Tue,20,2,Q2,False,True,2025-05,2025Q2,2025-W20,11,Morning,Spring
ORD-12273,2025-06-07,12:38:53,2025-06-07 12:38:53,Monitor Stand,Office,1,89.99,28.0,0,0.0,89.99,89.99,28.0,61.99,68.89,Mobile App,PayPal,Pending,andersonbrittany@example.net,Brandi Patterson,Returning,Miami,FL,South,2025,6,June,Jun,23,5,Saturday,Sat,7,2,Q2,True,False,2025-06,2025Q2,2025-W22,12,Afternoon,Summer
ORD-14526,2025-06-21,19:31:29,2025-06-21 19:31:29,Python Course,Digital,1,199.99,5.0,0,0.0,199.99,199.99,5.0,194.99,97.5,Mobile App,Debit Card,Pending,paulsmith@example.org,Jacob Knox,New,Miami,FL,South,2025,6,June,Jun,25,5,Saturday,Sat,21,2,Q2,True,False,2025-06,2025Q2,2025-W24,19,Evening,Summer
ORD-12507,2025-06-28,13:19:08,2025-06-28 13:19:08,SQL for Beginners,Digital,1,79.99,5.0,0,0.0,79.99,79.99,5.0,74.99,93.75,Mobile App,Apple Pay,Pending,katherine93@example.com,Brittany Allen,New,Dallas,TX,South,2025,6,June,Jun,26,5,Saturday,Sat,28,2,Q2,True,False,2025-06,2025Q2,2025-W25,13,Afternoon,Summer
ORD-11932,2025-06-28,18:48:38,2025-06-28 18:48:38,Desk Organizer,Office,1,49.99,15.0,15,7.5,49.99,42.49,15.0,27.49,64.7,Website,Debit Card,Pending,perezaaron@example.net,Abigail David,New,Seattle,WA,West,2025,6,June,Jun,26,5,Saturday,Sat,28,2,Q2,True,False,2025-06,2025Q2,2025-W25,18,Evening,Summer
ORD-11205,2025-06-30,07:02:08,2025-06-30 07:02:08,Desk Organizer,Office,1,49.99,15.0,0,0.0,49.99,49.99,15.0,34.99,69.99,Mobile App,Apple Pay,Pending,qfleming@example.com,Diana Nelson,Returning,Atlanta,GA,South,2025,6,June,Jun,27,0,Monday,Mon,30,2,Q2,False,True,2025-06,2025Q2,2025-W26,7,Morning,Summer
ORD-13883,2025-07-01,10:13:13,2025-07-01 10:13:13,Desk Organizer,Office,2,49.99,15.0,20,20.0,99.98,79.98,30.0,49.98,62.49,Social Media,Bank Transfer,Pending,kingram@example.net,Edward Stanley,New,New York,NY,Northeast,2025,7,July,Jul,27,1,Tuesday,Tue,1,3,Q3,False,True,2025-07,2025Q3,2025-W26,10,Morning,Summer
ORD-12946,2025-07-03,11:46:50,2025-07-03 11:46:50,Laptop Pro X1,Electronics,1,1299.99,800.0,0,0.0,1299.99,1299.99,800.0,499.99,38.46,Mobile App,Apple Pay,Pending,davisjoseph@example.net,Christopher Henry,New,Chicago,IL,Midwest,2025,7,July,Jul,27,3,Thursday,Thu,3,3,Q3,False,True,2025-07,2025Q3,2025-W26,11,Morning,Summer
ORD-12115,2025-07-10,11:47:08,2025-07-10 11:47:08,USB-C Hub 7-in-1,Accessories,1,79.99,25.0,0,0.0,79.99,79.99,25.0,54.99,68.75,Amazon,Credit Card,Pending,barrydelacruz@example.com,Arthur Adams,New,Denver,CO,West,2025,7,July,Jul,28,3,Thursday,Thu,10,3,Q3,False,True,2025-07,2025Q3,2025-W27,11,Morning,Summer
ORD-14978,2025-07-17,19:29:16,2025-07-17 19:29:16,Smart Watch Series 5,Electronics,5,449.99,180.0,10,225.0,2249.95,2024.95,900.0,1124.95,55.55,Social Media,PayPal,Pending,ewhite@example.net,Larry Acosta Jr.,New,Seattle,WA,West,2025,7,July,Jul,29,3,Thursday,Thu,17,3,Q3,False,True,2025-07,2025Q3,2025-W28,19,Evening,Summer
ORD-13071,2025-07-23,19:14:17,2025-07-23 19:14:17,Bluetooth Speaker,Electronics,1,129.99,45.0,15,19.5,129.99,110.49,45.0,65.49,59.27,Amazon,PayPal,Pending,fthomas@example.org,Arthur Hahn,New,New York,NY,Northeast,2025,7,July,Jul,30,2,Wednesday,Wed,23,3,Q3,False,True,2025-07,2025Q3,2025-W29,19,Evening,Summer
ORD-11774,2025-07-27,15:40:21,2025-07-27 15:40:21,Laptop Bag Leather,Accessories,1,89.99,30.0,5,4.5,89.99,85.49,30.0,55.49,64.91,Website,Bank Transfer,Pending,xshannon@example.com,Travis Miller,New,Atlanta,GA,South,2025,7,July,Jul,30,6,Sunday,Sun,27,3,Q3,True,False,2025-07,2025Q3,2025-W30,15,Afternoon,Summer
ORD-14784,2025-08-15,02:26:28,2025-08-15 02:26:28,Wireless Headphones,Electronics,1,299.99,120.0,15,45.0,299.99,254.99,120.0,134.99,52.94,Amazon,Debit Card,Pending,lindsey54@example.net,Mitchell Cooke,New,Boston,MA,Northeast,2025,8,August,Aug,33,4,Friday,Fri,15,3,Q3,False,True,2025-08,2025Q3,2025-W32,2,Night,Summer
ORD-11499,2025-08-17,18:58:31,2025-08-17 18:58:31,Bluetooth Speaker,Electronics,1,129.99,45.0,10,13.0,129.99,116.99,45.0,71.99,61.54,Email Campaign,Bank Transfer,Pending,cristina63@example.org,Jordan Harper,Returning,Miami,FL,South,2025,8,August,Aug,33,6,Sunday,Sun,17,3,Q3,True,False,2025-08,2025Q3,2025-W33,18,Evening,Summer
ORD-12475,2025-08-17,20:02:46,2025-08-17 20:02:46,Laptop Pro X1,Electronics,5,1299.99,800.0,10,650.0,6499.95,5849.95,4000.0,1849.95,31.62,Website,Apple Pay,Pending,ginaporter@example.org,Deborah Day,New,San Diego,CA,West,2025,8,August,Aug,33,6,Sunday,Sun,17,3,Q3,True,False,2025-08,2025Q3,2025-W33,20,Evening,Summer
ORD-11684,2025-08-19,13:58:03,2025-08-19 13:58:03,Mechanical Keyboard,Office,1,159.99,65.0,0,0.0,159.99,159.99,65.0,94.99,59.37,Amazon,Debit Card,Pending,samuel77@example.net,Heather Taylor,New,Seattle,WA,West,2025,8,August,Aug,34,1,Tuesday,Tue,19,3,Q3,False,True,2025-08,2025Q3,2025-W33,13,Afternoon,Summer
ORD-11364,2025-08-21,10:45:08,2025-08-21 10:45:08,Phone Case Premium,Accessories,2,34.99,8.0,15,10.5,69.98,59.48,16.0,43.48,73.1,Website,Bank Transfer,Pending,andrewrobles@example.org,Brandon Contreras,New,Denver,CO,West,2025,8,August,Aug,34,3,Thursday,Thu,21,3,Q3,False,True,2025-08,2025Q3,2025-W33,10,Morning,Summer
ORD-11232,2025-08-28,11:40:00,2025-08-28 11:40:00,Excel Masterclass,Digital,1,99.99,5.0,5,5.0,99.99,94.99,5.0,89.99,94.74,Mobile App,PayPal,Pending,smallkevin@example.org,Mikayla Peterson,Returning,Dallas,TX,South,2025,8,August,Aug,35,3,Thursday,Thu,28,3,Q3,False,True,2025-08,2025Q3,2025-W34,11,Morning,Summer
ORD-10515,2025-08-29,11:33:55,2025-08-29 11:33:55,Ergonomic Mouse,Office,1,69.99,22.0,20,14.0,69.99,55.99,22.0,33.99,60.71,Amazon,Credit Card,Pending,kristy37@example.net,Brenda Clarke,Returning,San Diego,CA,West,2025,8,August,Aug,35,4,Friday,Fri,29,3,Q3,False,True,2025-08,2025Q3,2025-W34,11,Morning,Summer
ORD-13040,2025-09-03,19:40:15,2025-09-03 19:40:15,Phone Case Premium,Accessories,1,34.99,8.0,0,0.0,34.99,34.99,8.0,26.99,77.14,Social Media,Debit Card,Pending,gregorymaldonado@example.net,Martin Blackwell,New,Houston,TX,South,2025,9,September,Sep,36,2,Wednesday,Wed,3,3,Q3,False,True,2025-09,2025Q3,2025-W35,19,Evening,Fall
ORD-12431,2025-09-27,11:45:29,2025-09-27 11:45:29,Python Course,Digital,1,199.99,5.0,10,20.0,199.99,179.99,5.0,174.99,97.22,Mobile App,Debit Card,Pending,holmesjames@example.com,Scott Cisneros,New,Boston,MA,Northeast,2025,9,September,Sep,39,5,Saturday,Sat,27,3,Q3,True,False,2025-09,2025Q3,2025-W38,11,Morning,Fall
ORD-11564,2025-09-30,18:21:34,2025-09-30 18:21:34,Laptop Pro X1,Electronics,1,1299.99,800.0,10,130.0,1299.99,1169.99,800.0,369.99,31.62,Website,Bank Transfer,Pending,tracylin@example.com,Jill Edwards,New,Phoenix,AZ,West,2025,9,September,Sep,40,1,Tuesday,Tue,30,3,Q3,False,True,2025-09,2025Q3,2025-W39,18,Evening,Fall
ORD-12607,2025-10-08,17:29:40,2025-10-08 17:29:40,Screen Protector,Accessories,2,19.99,4.0,0,0.0,39.98,39.98,8.0,31.98,79.99,Amazon,Credit Card,Pending,christine29@example.net,Kristin Rogers MD,New,Minneapolis,MN,Midwest,2025,10,October,Oct,41,2,Wednesday,Wed,8,4,Q4,False,True,2025-10,2025Q4,2025-W40,17,Evening,Fall
ORD-12163,2025-10-11,08:56:08,2025-10-11 08:56:08,Bluetooth Speaker,Electronics,1,129.99,45.0,0,0.0,129.99,129.99,45.0,84.99,65.38,Website,Apple Pay,Pending,juliedavenport@example.com,Gregory Nolan,New,Miami,FL,South,2025,10,October,Oct,41,5,Saturday,Sat,11,4,Q4,True,False,2025-10,2025Q4,2025-W40,8,Morning,Fall
ORD-10164,2025-11-04,19:34:31,2025-11-04 19:34:31,Data Science Bundle,Digital,1,299.99,5.0,0,0.0,299.99,299.99,5.0,294.99,98.33,Mobile App,Credit Card,Pending,shelley48@example.net,John Maxwell,New,Philadelphia,PA,Northeast,2025,11,November,Nov,45,1,Tuesday,Tue,4,4,Q4,False,True,2025-11,2025Q4,2025-W44,19,Evening,Fall
ORD-13473,2025-11-10,04:50:26,2025-11-10 04:50:26,Smart Watch Series 5,Electronics,3,449.99,180.0,25,337.49,1349.97,1012.48,540.0,472.48,46.67,Mobile App,Apple Pay,Pending,mhernandez@example.com,Adrienne Singleton,Returning,Seattle,WA,West,2025,11,November,Nov,46,0,Monday,Mon,10,4,Q4,False,True,2025-11,2025Q4,2025-W45,4,Night,Fall
ORD-12545,2025-11-11,18:02:31,2025-11-11 18:02:31,Smart Watch Series 5,Electronics,1,449.99,180.0,15,67.5,449.99,382.49,180.0,202.49,52.94,Website,Credit Card,Pending,megan60@example.com,Gregory Walker,New,Miami,FL,South,2025,11,November,Nov,46,1,Tuesday,Tue,11,4,Q4,False,True,2025-11,2025Q4,2025-W45,18,Evening,Fall
ORD-11983,2025-11-12,07:00:12,2025-11-12 07:00:12,Mechanical Keyboard,Office,2,159.99,65.0,0,0.0,319.98,319.98,130.0,189.98,59.37,Mobile App,PayPal,Pending,karenmoore@example.org,Amy Andrews,New,New York,NY,Northeast,2025,11,November,Nov,46,2,Wednesday,Wed,12,4,Q4,False,True,2025-11,2025Q4,2025-W45,7,Morning,Fall
ORD-10772,2025-12-01,20:50:54,2025-12-01 20:50:54,Wireless Headphones,Electronics,1,299.99,120.0,10,30.0,299.99,269.99,120.0,149.99,55.55,Email Campaign,Apple Pay,Pending,whiteanthony@example.com,Lisa Beasley,New,Phoenix,AZ,West,2025,12,December,Dec,49,0,Monday,Mon,1,4,Q4,False,True,2025-12,2025Q4,2025-W48,20,Evening,Winter
ORD-10423,2025-12-02,08:30:40,2025-12-02 08:30:40,Data Science Bundle,Digital,1,299.99,5.0,15,45.0,299.99,254.99,5.0,249.99,98.04,Website,Apple Pay,Pending,robertwalls@example.com,Lindsey Wells,New,Miami,FL,South,2025,12,December,Dec,49,1,Tuesday,Tue,2,4,Q4,False,True,2025-12,2025Q4,2025-W48,8,Morning,Winter
ORD-11018,2025-12-06,12:56:23,2025-12-06 12:56:23,Phone Case Premium,Accessories,1,34.99,8.0,5,1.75,34.99,33.24,8.0,25.24,75.93,Mobile App,Bank Transfer,Pending,guerrasharon@example.net,Elizabeth Mann,New,Houston,TX,South,2025,12,December,Dec,49,5,Saturday,Sat,6,4,Q4,True,False,2025-12,2025Q4,2025-W48,12,Afternoon,Winter
ORD-12001,2025-12-11,09:33:55,2025-12-11 09:33:55,Python Course,Digital,3,199.99,5.0,15,90.0,599.97,509.97,15.0,494.97,97.06,Mobile App,Debit Card,Pending,nathanlopez@example.org,Candice Dominguez,Returning,Los Angeles,CA,West,2025,12,December,Dec,50,3,Thursday,Thu,11,4,Q4,False,True,2025-12,2025Q4,2025-W49,9,Morning,Winter
ORD-10205,2025-12-14,11:22:17,2025-12-14 11:22:17,Desk Organizer,Office,1,49.99,15.0,20,10.0,49.99,39.99,15.0,24.99,62.49,Website,Credit Card,Pending,ejimenez@example.com,Jimmy Melendez,New,San Diego,CA,West,2025,12,December,Dec,50,6,Sunday,Sun,14,4,Q4,True,False,2025-12,2025Q4,2025-W50,11,Morning,Winter
ORD-14843,2025-12-18,16:53:37,2025-12-18 16:53:37,Desk Organizer,Office,1,49.99,15.0,0,0.0,49.99,49.99,15.0,34.99,69.99,Social Media,Bank Transfer,Pending,proctorthomas@example.com,Brian Myers,New,Philadelphia,PA,Northeast,2025,12,December,Dec,51,3,Thursday,Thu,18,4,Q4,False,True,2025-12,2025Q4,2025-W50,16,Afternoon,Winter
ORD-10128,2025-12-29,11:51:50,2025-12-29 11:51:50,Monitor Stand,Office,3,89.99,28.0,0,0.0,269.97,269.97,84.0,185.97,68.89,Mobile App,PayPal,Pending,pjames@example.net,Wendy Gutierrez MD,New,Denver,CO,West,2025,12,December,Dec,1,0,Monday,Mon,29,4,Q4,False,True,2025-12,2025Q4,2025-W52,11,Morning,Winter
ORD-11687,2025-12-29,19:49:25,2025-12-29 19:49:25,Monitor Stand,Office,1,89.99,28.0,0,0.0,89.99,89.99,28.0,61.99,68.89,Email Campaign,Debit Card,Pending,corey34@example.net,Scott Murray,Returning,Phoenix,AZ,West,2025,12,December,Dec,1,0,Monday,Mon,29,4,Q4,False,True,2025-12,2025Q4,2025-W52,19,Evening,Winter
ORD-14566,2026-01-07,19:28:42,2026-01-07 19:28:42,Screen Protector,Accessories,2,19.99,4.0,0,0.0,39.98,39.98,8.0,31.98,79.99,Website,Bank Transfer,Pending,shieldsjeffrey@example.com,Marissa Adkins,New,Dallas,TX,South,2026,1,January,Jan,2,2,Wednesday,Wed,7,1,Q1,False,True,2026-01,2026Q1,2026-W01,19,Evening,Winter
ORD-13636,2026-01-10,19:59:47,2026-01-10 19:59:47,Python Course,Digital,1,199.99,5.0,0,0.0,199.99,199.99,5.0,194.99,97.5,Amazon,Bank Transfer,Pending,ebowers@example.com,Gina Tucker,New,Boston,MA,Northeast,2026,1,January,Jan,2,5,Saturday,Sat,10,1,Q1,True,False,2026-01,2026Q1,2026-W01,19,Evening,Winter
ORD-12719,2026-01-21,13:27:34,2026-01-21 13:27:34,Excel Masterclass,Digital,1,99.99,5.0,0,0.0,99.99,99.99,5.0,94.99,95.0,Amazon,Debit Card,Pending,ophillips@example.org,Abigail Turner,New,San Diego,CA,West,2026,1,January,Jan,4,2,Wednesday,Wed,21,1,Q1,False,True,2026-01,2026Q1,2026-W03,13,Afternoon,Winter
ORD-12903,2026-02-01,13:04:02,2026-02-01 13:04:02,Excel Masterclass,Digital,2,99.99,5.0,0,0.0,199.98,199.98,10.0,189.98,95.0,Mobile App,Bank Transfer,Pending,cameronanderson@example.com,Kaylee Mayer,New,Philadelphia,PA,Northeast,2026,2,February,Feb,5,6,Sunday,Sun,1,1,Q1,True,False,2026-02,2026Q1,2026-W05,13,Afternoon,Winter
ORD-14561,2026-02-08,15:35:46,2026-02-08 15:35:46,Desk Organizer,Office,1,49.99,15.0,10,5.0,49.99,44.99,15.0,29.99,66.66,Website,Apple Pay,Pending,josecollins@example.com,Darlene Snyder,Returning,Chicago,IL,Midwest,2026,2,February,Feb,6,6,Sunday,Sun,8,1,Q1,True,False,2026-02,2026Q1,2026-W06,15,Afternoon,Winter
ORD-10656,2026-02-14,11:09:54,2026-02-14 11:09:54,Bluetooth Speaker,Electronics,2,129.99,45.0,20,52.0,259.98,207.98,90.0,117.98,56.73,Amazon,Credit Card,Pending,cruznicholas@example.com,Patrick Butler,New,San Diego,CA,West,2026,2,February,Feb,7,5,Saturday,Sat,14,1,Q1,True,False,2026-02,2026Q1,2026-W06,11,Morning,Winter
ORD-12963,2026-03-03,18:17:49,2026-03-03 18:17:49,Desk Organizer,Office,1,49.99,15.0,10,5.0,49.99,44.99,15.0,29.99,66.66,Website,Bank Transfer,Pending,robertmiller@example.net,Mary Walker,New,Atlanta,GA,South,2026,3,March,Mar,10,1,Tuesday,Tue,3,1,Q1,False,True,2026-03,2026Q1,2026-W09,18,Evening,Spring
ORD-10972,2026-03-10,17:53:16,2026-03-10 17:53:16,Phone Case Premium,Accessories,1,34.99,8.0,0,0.0,34.99,34.99,8.0,26.99,77.14,Mobile App,Bank Transfer,Pending,rmoore@example.net,David French,New,New York,NY,Northeast,2026,3,March,Mar,11,1,Tuesday,Tue,10,1,Q1,False,True,2026-03,2026Q1,2026-W10,17,Evening,Spring
ORD-11840,2026-03-12,09:51:04,2026-03-12 09:51:04,Monitor Stand,Office,2,89.99,28.0,0,0.0,179.98,179.98,56.0,123.98,68.89,Website,Debit Card,Pending,vshea@example.org,Edward Shaw,Returning,Phoenix,AZ,West,2026,3,March,Mar,11,3,Thursday,Thu,12,1,Q1,False,True,2026-03,2026Q1,2026-W10,9,Morning,Spring
ORD-11533,2026-03-15,11:14:53,2026-03-15 11:14:53,Phone Case Premium,Accessories,2,34.99,8.0,0,0.0,69.98,69.98,16.0,53.98,77.14,Amazon,Bank Transfer,Pending,fcopeland@example.org,Judith Munoz,New,Houston,TX,South,2026,3,March,Mar,11,6,Sunday,Sun,15,1,Q1,True,False,2026-03,2026Q1,2026-W11,11,Morning,Spring
ORD-13157,2026-03-17,20:12:41,2026-03-17 20:12:41,Mechanical Keyboard,Office,2,159.99,65.0,0,0.0,319.98,319.98,130.0,189.98,59.37,Social Media,Apple Pay,Pending,alexanderjoseph@example.com,Jim Anderson,Returning,Houston,TX,South,2026,3,March,Mar,12,1,Tuesday,Tue,17,1,Q1,False,True,2026-03,2026Q1,2026-W11,20,Evening,Spring
ORD-11669,2026-03-25,13:19:54,2026-03-25 13:19:54,Mechanical Keyboard,Office,1,159.99,65.0,15,24.0,159.99,135.99,65.0,70.99,52.2,Website,PayPal,Pending,tricia38@example.net,Steven Griffith,Returning,Houston,TX,South,2026,3,March,Mar,13,2,Wednesday,Wed,25,1,Q1,False,True,2026-03,2026Q1,2026-W12,13,Afternoon,Spring
ORD-10923,2026-03-28,18:27:23,2026-03-28 18:27:23,Laptop Bag Leather,Accessories,2,89.99,30.0,0,0.0,179.98,179.98,60.0,119.98,66.66,Social Media,Bank Transfer,Pending,garciapatricia@example.com,Alexandra Hall,New,San Antonio,TX,South,2026,3,March,Mar,13,5,Saturday,Sat,28,1,Q1,True,False,2026-03,2026Q1,2026-W12,18,Evening,Spring
ORD-13876,2026-04-07,21:18:21,2026-04-07 21:18:21,Laptop Bag Leather,Accessories,1,89.99,30.0,0,0.0,89.99,89.99,30.0,59.99,66.66,Email Campaign,Credit Card,Pending,cindy98@example.net,Michael Jones,Returning,Seattle,WA,West,2026,4,April,Apr,15,1,Tuesday,Tue,7,2,Q2,False,True,2026-04,2026Q2,2026-W14,21,Night,Spring
ORD-14693,2026-04-08,14:47:30,2026-04-08 14:47:30,Screen Protector,Accessories,1,19.99,4.0,10,2.0,19.99,17.99,4.0,13.99,77.77,Mobile App,Apple Pay,Pending,millsjessica@example.org,Rhonda Little,Returning,Seattle,WA,West,2026,4,April,Apr,15,2,Wednesday,Wed,8,2,Q2,False,True,2026-04,2026Q2,2026-W14,14,Afternoon,Spring
ORD-11206,2026-04-12,16:28:57,2026-04-12 16:28:57,Laptop Pro X1,Electronics,4,1299.99,800.0,20,1039.99,5199.96,4159.97,3200.0,959.97,23.08,Social Media,Credit Card,Pending,urowland@example.com,James Johnson,Returning,Seattle,WA,West,2026,4,April,Apr,15,6,Sunday,Sun,12,2,Q2,True,False,2026-04,2026Q2,2026-W15,16,Afternoon,Spring
ORD-11373,2026-04-16,14:19:41,2026-04-16 14:19:41,Screen Protector,Accessories,1,19.99,4.0,10,2.0,19.99,17.99,4.0,13.99,77.77,Website,Apple Pay,Pending,qwarren@example.net,Jamie Carney,New,Phoenix,AZ,West,2026,4,April,Apr,16,3,Thursday,Thu,16,2,Q2,False,True,2026-04,2026Q2,2026-W15,14,Afternoon,Spring
ORD-13000,2026-04-18,17:37:17,2026-04-18 17:37:17,Laptop Pro X1,Electronics,2,1299.99,800.0,0,0.0,2599.98,2599.98,1600.0,999.98,38.46,Mobile App,Apple Pay,Pending,danielleramos@example.com,Matthew Gould,Returning,San Diego,CA,West,2026,4,April,Apr,16,5,Saturday,Sat,18,2,Q2,True,False,2026-04,2026Q2,2026-W15,17,Evening,Spring
ORD-11670,2026-04-20,23:17:11,2026-04-20 23:17:11,Desk Organizer,Office,1,49.99,15.0,15,7.5,49.99,42.49,15.0,27.49,64.7,Amazon,Bank Transfer,Pending,johncole@example.com,Tonya Wu,New,New York,NY,Northeast,2026,4,April,Apr,17,0,Monday,Mon,20,2,Q2,False,True,2026-04,2026Q2,2026-W16,23,Night,Spring
ORD-14153,2026-04-23,11:42:45,2026-04-23 11:42:45,Desk Organizer,Office,2,49.99,15.0,0,0.0,99.98,99.98,30.0,69.98,69.99,Amazon,Apple Pay,Pending,qgallagher@example.org,Daniel White,Returning,Denver,CO,West,2026,4,April,Apr,17,3,Thursday,Thu,23,2,Q2,False,True,2026-04,2026Q2,2026-W16,11,Morning,Spring
ORD-12180,2026-04-27,08:52:00,2026-04-27 08:52:00,Ergonomic Mouse,Office,1,69.99,22.0,5,3.5,69.99,66.49,22.0,44.49,66.91,Mobile App,Credit Card,Pending,kirk21@example.net,Sarah Ryan,New,Minneapolis,MN,Midwest,2026,4,April,Apr,18,0,Monday,Mon,27,2,Q2,False,True,2026-04,2026Q2,2026-W17,8,Morning,Spring
ORD-11324,2026-05-01,18:15:14,2026-05-01 18:15:14,Laptop Pro X1,Electronics,1,1299.99,800.0,0,0.0,1299.99,1299.99,800.0,499.99,38.46,Website,Bank Transfer,Pending,davidwilson@example.com,Hunter Gonzales,Returning,Dallas,TX,South,2026,5,May,May,18,4,Friday,Fri,1,2,Q2,False,True,2026-05,2026Q2,2026-W17,18,Evening,Spring
ORD-12153,2026-05-09,08:08:47,2026-05-09 08:08:47,Data Science Bundle,Digital,1,299.99,5.0,0,0.0,299.99,299.99,5.0,294.99,98.33,Website,Apple Pay,Pending,wrightsharon@example.com,Aaron Valencia,Returning,Seattle,WA,West,2026,5,May,May,19,5,Saturday,Sat,9,2,Q2,True,False,2026-05,2026Q2,2026-W18,8,Morning,Spring
ORD-11979,2026-05-11,09:39:21,2026-05-11 09:39:21,Mechanical Keyboard,Office,1,159.99,65.0,0,0.0,159.99,159.99,65.0,94.99,59.37,Website,Bank Transfer,Pending,ucampos@example.org,William Mendez,New,Seattle,WA,West,2026,5,May,May,20,0,Monday,Mon,11,2,Q2,False,True,2026-05,2026Q2,2026-W19,9,Morning,Spring
ORD-12578,2026-05-12,09:19:46,2026-05-12 09:19:46,Monitor Stand,Office,1,89.99,28.0,5,4.5,89.99,85.49,28.0,57.49,67.25,Website,Credit Card,Pending,peter24@example.com,Jeremy Marks,Returning,Atlanta,GA,South,2026,5,May,May,20,1,Tuesday,Tue,12,2,Q2,False,True,2026-05,2026Q2,2026-W19,9,Morning,Spring
ORD-12929,2026-05-14,19:10:58,2026-05-14 19:10:58,Screen Protector,Accessories,1,19.99,4.0,20,4.0,19.99,15.99,4.0,11.99,74.99,Website,Bank Transfer,Pending,daleball@example.com,Pam Reynolds,Returning,Philadelphia,PA,Northeast,2026,5,May,May,20,3,Thursday,Thu,14,2,Q2,False,True,2026-05,2026Q2,2026-W19,19,Evening,Spring
